-4.897089894815807587e-01,-6.588339778971492589e-01,-4.551929098298687082e-01,1.000000000000000000e+00,1.000000000000000000e+00,1.195781249839070748e+00
-6.387015380016056731e-01,-6.588339778971492589e-01,-4.551929098298687082e-01,1.000000000000000000e+00,1.000000000000000000e+00,-5.491087538486947306e-01
-4.277074059042738630e-01,3.346558433639158503e-01,1.074186145788868618e+00,1.000000000000000000e+00,1.000000000000000000e+00,1.195781249839070748e+00
3.763072258690116634e-01,3.346558433639158503e-01,-1.632042872600238947e-01,1.000000000000000000e+00,1.000000000000000000e+00,-5.491087538486947306e-01
-1.140571175121689818e+00,-6.588339778971492589e-01,-7.645405180920917809e-01,1.000000000000000000e+00,1.000000000000000000e+00,2.359041252297581437e+00
-1.058233187781675966e+00,-6.588339778971492589e-01,-5.941264613926692251e-01,1.000000000000000000e+00,1.000000000000000000e+00,-5.491087538486947306e-01
-1.065374182827914185e+00,3.346558433639158503e-01,-1.632042872600238947e-01,1.000000000000000000e+00,1.000000000000000000e+00,1.777411251068325981e+00
-3.367955844215549943e-01,-6.588339778971492589e-01,-5.941264613926692251e-01,1.000000000000000000e+00,1.000000000000000000e+00,2.359041252297581437e+00
1.545100860694847145e-01,3.346558433639158503e-01,5.184519395376664397e-01,1.000000000000000000e+00,1.000000000000000000e+00,1.777411251068325981e+00
-1.892754806197823325e-01,3.346558433639158503e-01,-1.632042872600238947e-01,1.000000000000000000e+00,1.000000000000000000e+00,3.252124738056047515e-02
-6.504641076216076678e-01,-6.588339778971492589e-01,-4.551929098298687082e-01,1.000000000000000000e+00,1.000000000000000000e+00,1.195781249839070748e+00
-1.058233187781675966e+00,-6.588339778971492589e-01,-5.941264613926692251e-01,1.000000000000000000e+00,1.000000000000000000e+00,3.252124738056047515e-02
-9.994203396816659923e-01,-6.588339778971492589e-01,-5.941264613926692251e-01,1.000000000000000000e+00,1.000000000000000000e+00,1.777411251068325981e+00
3.984869398489645498e-01,3.346558433639158503e-01,-1.632042872600238947e-01,1.000000000000000000e+00,1.000000000000000000e+00,6.141512486098157364e-01
-1.042549761621673232e+00,-6.588339778971492589e-01,-5.941264613926692251e-01,1.000000000000000000e+00,1.000000000000000000e+00,6.141512486098157364e-01
-3.132704451815510605e-01,-6.588339778971492589e-01,-7.645405180920917809e-01,1.000000000000000000e+00,1.000000000000000000e+00,3.252124738056047515e-02
-1.148412888201691073e+00,-6.588339778971492589e-01,-7.645405180920917809e-01,1.000000000000000000e+00,1.000000000000000000e+00,1.195781249839070748e+00
-6.465432510816070399e-01,-6.588339778971492589e-01,-5.941264613926692251e-01,1.000000000000000000e+00,1.000000000000000000e+00,-5.491087538486947306e-01
-1.615508381448412800e-01,3.346558433639158503e-01,1.074186145788868618e+00,1.000000000000000000e+00,1.000000000000000000e+00,1.777411251068325981e+00
-3.389885499844631500e-01,3.346558433639158503e-01,5.184519395376664397e-01,1.000000000000000000e+00,1.000000000000000000e+00,1.777411251068325981e+00
-8.324871860384107647e-01,3.346558433639158503e-01,1.074186145788868618e+00,1.000000000000000000e+00,1.000000000000000000e+00,3.252124738056047515e-02
-6.504641076216076678e-01,-6.588339778971492589e-01,-4.551929098298687082e-01,1.000000000000000000e+00,1.000000000000000000e+00,6.141512486098157364e-01
-9.322958989481979764e-01,3.346558433639158503e-01,5.184519395376664397e-01,1.000000000000000000e+00,1.000000000000000000e+00,1.777411251068325981e+00
-6.426223945416063010e-01,-6.588339778971492589e-01,-7.645405180920917809e-01,1.000000000000000000e+00,1.000000000000000000e+00,1.195781249839070748e+00
3.984869398489645498e-01,3.346558433639158503e-01,-1.632042872600238947e-01,1.000000000000000000e+00,1.000000000000000000e+00,1.195781249839070748e+00
-8.435770430283870969e-01,3.346558433639158503e-01,1.074186145788868618e+00,1.000000000000000000e+00,1.000000000000000000e+00,2.359041252297581437e+00
-3.112639075095220975e-01,3.346558433639158503e-01,5.184519395376664397e-01,1.000000000000000000e+00,1.000000000000000000e+00,-5.491087538486947306e-01
-4.277074059042738630e-01,3.346558433639158503e-01,1.074186145788868618e+00,1.000000000000000000e+00,1.000000000000000000e+00,6.141512486098157364e-01
-6.269389683816036785e-01,-6.588339778971492589e-01,-7.645405180920917809e-01,1.000000000000000000e+00,1.000000000000000000e+00,2.359041252297581437e+00
-8.823915424933044260e-01,3.346558433639158503e-01,1.074186145788868618e+00,1.000000000000000000e+00,1.000000000000000000e+00,6.141512486098157364e-01
-5.132341287215846926e-01,-6.588339778971492589e-01,-4.551929098298687082e-01,1.000000000000000000e+00,1.000000000000000000e+00,1.777411251068325981e+00
-1.837305521247940276e-01,3.346558433639158503e-01,-1.632042872600238947e-01,1.000000000000000000e+00,1.000000000000000000e+00,1.777411251068325981e+00
-4.897089894815807587e-01,-6.588339778971492589e-01,-4.551929098298687082e-01,1.000000000000000000e+00,1.000000000000000000e+00,6.141512486098157364e-01
-3.223537644994985407e-01,3.346558433639158503e-01,5.184519395376664397e-01,1.000000000000000000e+00,1.000000000000000000e+00,1.195781249839070748e+00
-3.956084325215649122e-01,-6.588339778971492589e-01,-7.645405180920917809e-01,1.000000000000000000e+00,1.000000000000000000e+00,2.359041252297581437e+00
-9.501169620498309265e-02,3.346558433639158503e-01,1.074186145788868618e+00,1.000000000000000000e+00,1.000000000000000000e+00,3.252124738056047515e-02
-8.504277911616411334e-01,-6.588339778971492589e-01,-4.551929098298687082e-01,1.000000000000000000e+00,1.000000000000000000e+00,1.777411251068325981e+00
-6.269389683816036785e-01,-6.588339778971492589e-01,-4.551929098298687082e-01,1.000000000000000000e+00,1.000000000000000000e+00,2.359041252297581437e+00
-4.897089894815807587e-01,-6.588339778971492589e-01,-4.551929098298687082e-01,1.000000000000000000e+00,1.000000000000000000e+00,3.252124738056047515e-02
-3.112639075095220975e-01,3.346558433639158503e-01,5.184519395376664397e-01,1.000000000000000000e+00,1.000000000000000000e+00,3.252124738056047515e-02
-3.289538713415538496e-01,-6.588339778971492589e-01,-7.645405180920917809e-01,1.000000000000000000e+00,1.000000000000000000e+00,1.195781249839070748e+00
-9.322958989481979764e-01,3.346558433639158503e-01,5.184519395376664397e-01,1.000000000000000000e+00,1.000000000000000000e+00,2.359041252297581437e+00
-9.378408274431860869e-01,3.346558433639158503e-01,5.184519395376664397e-01,1.000000000000000000e+00,1.000000000000000000e+00,6.141512486098157364e-01
-3.524790105815577834e-01,-6.588339778971492589e-01,-5.941264613926692251e-01,1.000000000000000000e+00,1.000000000000000000e+00,3.252124738056047515e-02
-9.501169620498309265e-02,3.346558433639158503e-01,1.074186145788868618e+00,1.000000000000000000e+00,1.000000000000000000e+00,6.141512486098157364e-01
-4.498871198842265828e-01,3.346558433639158503e-01,1.074186145788868618e+00,1.000000000000000000e+00,1.000000000000000000e+00,1.777411251068325981e+00
-3.223537644994985407e-01,3.346558433639158503e-01,5.184519395376664397e-01,1.000000000000000000e+00,1.000000000000000000e+00,6.141512486098157364e-01
-9.994203396816659923e-01,-6.588339778971492589e-01,-5.941264613926692251e-01,1.000000000000000000e+00,1.000000000000000000e+00,2.359041252297581437e+00
-4.498871198842265828e-01,3.346558433639158503e-01,1.074186145788868618e+00,1.000000000000000000e+00,1.000000000000000000e+00,2.359041252297581437e+00
-9.501169620498309265e-02,3.346558433639158503e-01,1.074186145788868618e+00,1.000000000000000000e+00,1.000000000000000000e+00,1.195781249839070748e+00
-1.059829254332925963e+00,3.346558433639158503e-01,-1.632042872600238947e-01,1.000000000000000000e+00,1.000000000000000000e+00,6.141512486098157364e-01
3.763072258690116634e-01,3.346558433639158503e-01,-1.632042872600238947e-01,1.000000000000000000e+00,1.000000000000000000e+00,3.252124738056047515e-02
-1.140571175121689818e+00,-6.588339778971492589e-01,-7.645405180920917809e-01,1.000000000000000000e+00,1.000000000000000000e+00,1.777411251068325981e+00
-3.289538713415538496e-01,-6.588339778971492589e-01,-7.645405180920917809e-01,1.000000000000000000e+00,1.000000000000000000e+00,6.141512486098157364e-01
-6.230181118416030506e-01,-6.588339778971492589e-01,-7.645405180920917809e-01,1.000000000000000000e+00,1.000000000000000000e+00,3.252124738056047515e-02
1.711448715544493238e-01,3.346558433639158503e-01,5.184519395376664397e-01,1.000000000000000000e+00,1.000000000000000000e+00,3.252124738056047515e-02
-1.449160526598768650e-01,3.346558433639158503e-01,-1.632042872600238947e-01,1.000000000000000000e+00,1.000000000000000000e+00,6.141512486098157364e-01
-8.435770430283870969e-01,3.346558433639158503e-01,1.074186145788868618e+00,1.000000000000000000e+00,1.000000000000000000e+00,1.777411251068325981e+00
-8.324871860384107647e-01,3.346558433639158503e-01,1.074186145788868618e+00,1.000000000000000000e+00,1.000000000000000000e+00,-5.491087538486947306e-01
-3.524790105815577834e-01,-6.588339778971492589e-01,-5.941264613926692251e-01,1.000000000000000000e+00,1.000000000000000000e+00,-5.491087538486947306e-01
-4.110726204193094757e-01,3.346558433639158503e-01,1.074186145788868618e+00,1.000000000000000000e+00,1.000000000000000000e+00,-5.491087538486947306e-01
-4.897089894815807587e-01,-6.588339778971492589e-01,-4.551929098298687082e-01,1.000000000000000000e+00,1.000000000000000000e+00,-5.491087538486947306e-01
1.711448715544493238e-01,3.346558433639158503e-01,5.184519395376664397e-01,1.000000000000000000e+00,1.000000000000000000e+00,-5.491087538486947306e-01
-6.112555422216011669e-01,-6.588339778971492589e-01,-5.941264613926692251e-01,1.000000000000000000e+00,1.000000000000000000e+00,1.195781249839070748e+00
-8.857155000216470064e-01,-6.588339778971492589e-01,-4.551929098298687082e-01,1.000000000000000000e+00,1.000000000000000000e+00,3.252124738056047515e-02
-6.465432510816070399e-01,-6.588339778971492589e-01,-5.941264613926692251e-01,1.000000000000000000e+00,1.000000000000000000e+00,3.252124738056047515e-02
-1.449160526598768650e-01,3.346558433639158503e-01,-1.632042872600238947e-01,1.000000000000000000e+00,1.000000000000000000e+00,1.195781249839070748e+00
-1.892754806197823325e-01,3.346558433639158503e-01,-1.632042872600238947e-01,1.000000000000000000e+00,1.000000000000000000e+00,-5.491087538486947306e-01
-8.823915424933044260e-01,3.346558433639158503e-01,1.074186145788868618e+00,1.000000000000000000e+00,1.000000000000000000e+00,1.195781249839070748e+00
3.319477979091065567e-01,3.346558433639158503e-01,-1.632042872600238947e-01,1.000000000000000000e+00,1.000000000000000000e+00,2.359041252297581437e+00
2.265941565043310402e-01,3.346558433639158503e-01,5.184519395376664397e-01,1.000000000000000000e+00,1.000000000000000000e+00,6.141512486098157364e-01
1.545100860694847145e-01,3.346558433639158503e-01,5.184519395376664397e-01,1.000000000000000000e+00,1.000000000000000000e+00,2.359041252297581437e+00
-8.974780696416490011e-01,-6.588339778971492589e-01,-4.551929098298687082e-01,1.000000000000000000e+00,1.000000000000000000e+00,6.141512486098157364e-01
-1.156254601281692551e+00,-6.588339778971492589e-01,-7.645405180920917809e-01,1.000000000000000000e+00,1.000000000000000000e+00,-5.491087538486947306e-01
3.319477979091065567e-01,3.346558433639158503e-01,-1.632042872600238947e-01,1.000000000000000000e+00,1.000000000000000000e+00,1.777411251068325981e+00
-3.389885499844631500e-01,3.346558433639158503e-01,5.184519395376664397e-01,1.000000000000000000e+00,1.000000000000000000e+00,2.359041252297581437e+00
-1.837305521247940276e-01,3.346558433639158503e-01,-1.632042872600238947e-01,1.000000000000000000e+00,1.000000000000000000e+00,2.359041252297581437e+00
-5.955721160615985443e-01,-6.588339778971492589e-01,-5.941264613926692251e-01,1.000000000000000000e+00,1.000000000000000000e+00,1.777411251068325981e+00
-1.065374182827914185e+00,3.346558433639158503e-01,-1.632042872600238947e-01,1.000000000000000000e+00,1.000000000000000000e+00,2.359041252297581437e+00
-3.603207236615589837e-01,-6.588339778971492589e-01,-5.941264613926692251e-01,1.000000000000000000e+00,1.000000000000000000e+00,1.195781249839070748e+00
-8.974780696416490011e-01,-6.588339778971492589e-01,-4.551929098298687082e-01,1.000000000000000000e+00,1.000000000000000000e+00,1.195781249839070748e+00
-5.955721160615985443e-01,-6.588339778971492589e-01,-5.941264613926692251e-01,1.000000000000000000e+00,1.000000000000000000e+00,2.359041252297581437e+00
-1.054284325837937963e+00,3.346558433639158503e-01,-1.632042872600238947e-01,1.000000000000000000e+00,1.000000000000000000e+00,-5.491087538486947306e-01
-6.112555422216011669e-01,-6.588339778971492589e-01,-5.941264613926692251e-01,1.000000000000000000e+00,1.000000000000000000e+00,6.141512486098157364e-01
2.265941565043310402e-01,3.346558433639158503e-01,5.184519395376664397e-01,1.000000000000000000e+00,1.000000000000000000e+00,1.195781249839070748e+00
-9.655654699181269729e-01,3.346558433639158503e-01,5.184519395376664397e-01,1.000000000000000000e+00,1.000000000000000000e+00,3.252124738056047515e-02
-9.322958989481979764e-01,3.346558433639158503e-01,5.184519395376664397e-01,0.000000000000000000e+00,1.000000000000000000e+00,-5.491087538486947306e-01
-1.093098825302855071e+00,3.346558433639158503e-01,-1.632042872600238947e-01,0.000000000000000000e+00,1.000000000000000000e+00,-5.491087538486947306e-01
1.378753005845201329e-01,3.346558433639158503e-01,5.184519395376664397e-01,0.000000000000000000e+00,1.000000000000000000e+00,-5.491087538486947306e-01
-6.426223945416063010e-01,-6.588339778971492589e-01,-5.941264613926692251e-01,0.000000000000000000e+00,1.000000000000000000e+00,-5.491087538486947306e-01
-9.322958989481979764e-01,3.346558433639158503e-01,5.184519395376664397e-01,0.000000000000000000e+00,1.000000000000000000e+00,-5.491087538486947306e-01
-1.019024622381669465e+00,-6.588339778971492589e-01,-5.941264613926692251e-01,0.000000000000000000e+00,1.000000000000000000e+00,-5.491087538486947306e-01
-6.112555422216011669e-01,-6.588339778971492589e-01,-4.551929098298687082e-01,0.000000000000000000e+00,1.000000000000000000e+00,-5.491087538486947306e-01
-1.948204091147704708e-01,3.346558433639158503e-01,-1.632042872600238947e-01,0.000000000000000000e+00,1.000000000000000000e+00,-5.491087538486947306e-01
-9.156611134632334226e-01,3.346558433639158503e-01,5.184519395376664397e-01,0.000000000000000000e+00,1.000000000000000000e+00,-5.491087538486947306e-01
-4.230544283015696405e-01,-6.588339778971492589e-01,-4.551929098298687082e-01,0.000000000000000000e+00,1.000000000000000000e+00,-5.491087538486947306e-01
-3.446372975015564166e-01,-6.588339778971492589e-01,-5.941264613926692251e-01,0.000000000000000000e+00,1.000000000000000000e+00,-5.491087538486947306e-01
-1.070919111322902406e+00,3.346558433639158503e-01,-1.632042872600238947e-01,0.000000000000000000e+00,1.000000000000000000e+00,-5.491087538486947306e-01
-6.174212523505427652e-02,3.346558433639158503e-01,1.074186145788868618e+00,0.000000000000000000e+00,1.000000000000000000e+00,-5.491087538486947306e-01
-6.700683903216110293e-01,-6.588339778971492589e-01,-7.645405180920917809e-01,0.000000000000000000e+00,1.000000000000000000e+00,-5.491087538486947306e-01
-1.148412888201691073e+00,-6.588339778971492589e-01,-7.645405180920917809e-01,0.000000000000000000e+00,1.000000000000000000e+00,-5.491087538486947306e-01
-1.089600040101681211e+00,-6.588339778971492589e-01,-7.645405180920917809e-01,0.000000000000000000e+00,1.000000000000000000e+00,-5.491087538486947306e-01
4.982956527587517614e-01,3.346558433639158503e-01,-1.632042872600238947e-01,0.000000000000000000e+00,1.000000000000000000e+00,-5.491087538486947306e-01
-1.005566246999714114e-01,3.346558433639158503e-01,1.074186145788868618e+00,0.000000000000000000e+00,1.000000000000000000e+00,-5.491087538486947306e-01
-1.026866335461670721e+00,-6.588339778971492589e-01,-5.941264613926692251e-01,0.000000000000000000e+00,1.000000000000000000e+00,-5.491087538486947306e-01
-1.082008968312878849e+00,3.346558433639158503e-01,-1.632042872600238947e-01,0.000000000000000000e+00,1.000000000000000000e+00,-5.491087538486947306e-01
-8.269422575434226541e-01,3.346558433639158503e-01,1.074186145788868618e+00,0.000000000000000000e+00,1.000000000000000000e+00,-5.491087538486947306e-01
-8.621903607816430171e-01,-6.588339778971492589e-01,-4.551929098298687082e-01,0.000000000000000000e+00,1.000000000000000000e+00,-5.491087538486947306e-01
-1.140571175121689818e+00,-6.588339778971492589e-01,-7.645405180920917809e-01,0.000000000000000000e+00,1.000000000000000000e+00,-5.491087538486947306e-01
-1.738269727514881249e-02,3.346558433639158503e-01,1.074186145788868618e+00,0.000000000000000000e+00,1.000000000000000000e+00,-5.491087538486947306e-01
-5.336214329189041816e-01,-8.575319421493622363e-01,-7.480064429108065349e-01,0.000000000000000000e+00,1.000000000000000000e+00,-5.491087538486947306e-01
-1.077194141633802227e+00,-8.575319421493622363e-01,-7.479115594555595381e-01,0.000000000000000000e+00,1.000000000000000000e+00,-5.491087538486947306e-01
-1.042124934619958809e+00,-8.575319421493622363e-01,-7.480064429108065349e-01,0.000000000000000000e+00,1.000000000000000000e+00,-5.491087538486947306e-01
-2.806896286903746707e-01,-6.274008514051007679e-02,-9.797886770525270073e-02,0.000000000000000000e+00,1.000000000000000000e+00,-5.491087538486947306e-01
-6.413339973186343856e-01,-8.575319421493622363e-01,-7.468678414478434613e-01,0.000000000000000000e+00,1.000000000000000000e+00,-5.491087538486947306e-01
-8.202918111834027748e-01,-8.575319421493622363e-01,-7.482151865123496393e-01,0.000000000000000000e+00,1.000000000000000000e+00,-5.491087538486947306e-01
-2.429026967432129924e-01,-6.274008514051007679e-02,-9.706798653488231399e-02,0.000000000000000000e+00,1.000000000000000000e+00,-5.491087538486947306e-01
-1.002045840889807193e+00,-8.575319421493622363e-01,-7.484429068049421874e-01,0.000000000000000000e+00,1.000000000000000000e+00,-5.491087538486947306e-01
-4.810176223981168508e-01,-8.575319421493622363e-01,-7.481582564392014190e-01,0.000000000000000000e+00,1.000000000000000000e+00,-5.491087538486947306e-01
-1.618110506008041058e-02,-6.274008514051007679e-02,-9.797886770525270073e-02,0.000000000000000000e+00,1.000000000000000000e+00,-5.491087538486947306e-01
-4.810176223981168508e-01,-8.575319421493622363e-01,-7.480823496750039769e-01,0.000000000000000000e+00,1.000000000000000000e+00,-5.491087538486947306e-01
-6.737630318208794045e-02,-6.274008514051007679e-02,-9.448715655216630149e-02,0.000000000000000000e+00,1.000000000000000000e+00,-5.491087538486947306e-01
-8.202918111834027748e-01,-8.575319421493622363e-01,-7.479115594555595381e-01,0.000000000000000000e+00,1.000000000000000000e+00,-5.491087538486947306e-01
-6.737630318208794045e-02,-6.274008514051007679e-02,-9.365218214599338453e-02,0.000000000000000000e+00,1.000000000000000000e+00,-5.491087538486947306e-01
1.506396429371195146e-02,-6.274008514051007679e-02,-9.767524064846244691e-02,0.000000000000000000e+00,1.000000000000000000e+00,-5.491087538486947306e-01
-5.830371337111787122e-01,-8.575319421493622363e-01,-7.479115594555595381e-01,0.000000000000000000e+00,1.000000000000000000e+00,-5.491087538486947306e-01
-4.810176223981168508e-01,-8.575319421493622363e-01,-7.484429068049421874e-01,0.000000000000000000e+00,1.000000000000000000e+00,-5.491087538486947306e-01
-1.294066440001185425e+00,-6.274008514051007679e-02,-9.706798653488231399e-02,0.000000000000000000e+00,1.000000000000000000e+00,-5.491087538486947306e-01
-6.113252832282350946e-01,-6.274008514051007679e-02,-9.767524064846244691e-02,0.000000000000000000e+00,1.000000000000000000e+00,-5.491087538486947306e-01
9.717969078143091910e-02,-6.274008514051007679e-02,-9.668845271389460427e-02,0.000000000000000000e+00,1.000000000000000000e+00,-5.491087538486947306e-01
-9.598331353086633211e-01,-6.274008514051007679e-02,-9.881384211142560381e-02,0.000000000000000000e+00,1.000000000000000000e+00,-5.491087538486947306e-01
-6.315682824856428956e-01,-6.274008514051007679e-02,-9.737161359167238739e-02,0.000000000000000000e+00,1.000000000000000000e+00,-5.491087538486947306e-01
-6.737630318208794045e-02,-6.274008514051007679e-02,-9.668845271389460427e-02,0.000000000000000000e+00,1.000000000000000000e+00,-5.491087538486947306e-01
-1.158264636996444885e+00,-6.274008514051007679e-02,-9.737161359167238739e-02,0.000000000000000000e+00,1.000000000000000000e+00,-5.491087538486947306e-01
-8.926123326111686795e-01,-6.274008514051007679e-02,-9.797886770525270073e-02,0.000000000000000000e+00,1.000000000000000000e+00,-5.491087538486947306e-01
-6.680533931387068192e-01,-8.575319421493622363e-01,-7.468678414478434613e-01,0.000000000000000000e+00,1.000000000000000000e+00,-5.491087538486947306e-01
-8.713531439437326442e-01,-8.575319421493622363e-01,-7.471524918135842297e-01,0.000000000000000000e+00,1.000000000000000000e+00,-5.491087538486947306e-01
-7.530262780301681946e-01,-6.274008514051007679e-02,-9.797886770525270073e-02,0.000000000000000000e+00,1.000000000000000000e+00,-5.491087538486947306e-01
-5.451981523206634872e-01,-6.274008514051007679e-02,-9.668845271389460427e-02,0.000000000000000000e+00,1.000000000000000000e+00,-5.491087538486947306e-01
-1.085287035560081215e+00,-8.575319421493622363e-01,-7.475510023256213277e-01,0.000000000000000000e+00,1.000000000000000000e+00,-5.491087538486947306e-01
9.717969078140391292e-02,-6.274008514051007679e-02,-9.706798653488231399e-02,0.000000000000000000e+00,1.000000000000000000e+00,-5.491087538486947306e-01
-7.375679876881339192e-01,-6.274008514051007679e-02,-9.539803772253667435e-02,0.000000000000000000e+00,1.000000000000000000e+00,-5.491087538486947306e-01
-1.312918013589025268e+00,-6.274008514051007679e-02,-9.797886770525270073e-02,0.000000000000000000e+00,1.000000000000000000e+00,-5.491087538486947306e-01
-8.474936078981196719e-01,-6.274008514051007679e-02,-9.539803772253667435e-02,0.000000000000000000e+00,1.000000000000000000e+00,-5.491087538486947306e-01
-5.172180941543440547e-01,-8.575319421493622363e-01,-7.482341632033990830e-01,0.000000000000000000e+00,1.000000000000000000e+00,-5.491087538486947306e-01
-5.681988935059125723e-01,-6.274008514051007679e-02,-9.790296094105505054e-02,0.000000000000000000e+00,1.000000000000000000e+00,-5.491087538486947306e-01
-6.737630318208794045e-02,-6.274008514051007679e-02,-9.790296094105505054e-02,0.000000000000000000e+00,1.000000000000000000e+00,-5.491087538486947306e-01
-1.036428267634031730e+00,-6.274008514051007679e-02,-9.524622419414155439e-02,0.000000000000000000e+00,1.000000000000000000e+00,-5.491087538486947306e-01
-2.429026967431784367e-01,-6.274008514051007679e-02,-9.881384211142560381e-02,0.000000000000000000e+00,1.000000000000000000e+00,-5.491087538486947306e-01
-7.172733328073049863e-01,-8.575319421493622363e-01,-7.480823496750039769e-01,0.000000000000000000e+00,1.000000000000000000e+00,-5.491087538486947306e-01
-7.820995948098284911e-01,-8.575319421493622363e-01,-7.482341632033990830e-01,0.000000000000000000e+00,1.000000000000000000e+00,-5.491087538486947306e-01
-8.869250397500652028e-01,-8.575319421493622363e-01,-7.468678414478434613e-01,0.000000000000000000e+00,1.000000000000000000e+00,-5.491087538486947306e-01
-7.399902280389455411e-01,-8.575319421493622363e-01,-7.484429068049421874e-01,0.000000000000000000e+00,1.000000000000000000e+00,-5.491087538486947306e-01
-1.060225170498063418e+00,-8.575319421493622363e-01,-7.473612354151274451e-01,0.000000000000000000e+00,1.000000000000000000e+00,-5.491087538486947306e-01
-7.820995948098196093e-01,-8.575319421493622363e-01,-7.480064429108065349e-01,0.000000000000000000e+00,1.000000000000000000e+00,-5.491087538486947306e-01
-2.028930040932784007e-01,-6.274008514051007679e-02,-9.524622419414155439e-02,0.000000000000000000e+00,1.000000000000000000e+00,-5.491087538486947306e-01
-1.212973769354475095e+00,-6.274008514051007679e-02,-9.539803772253667435e-02,0.000000000000000000e+00,1.000000000000000000e+00,-5.491087538486947306e-01
-9.558007327396510489e-01,-8.575319421493622363e-01,-7.481582564392014190e-01,0.000000000000000000e+00,1.000000000000000000e+00,-5.491087538486947306e-01
-9.797796777063989548e-01,-8.575319421493622363e-01,-7.480823496750039769e-01,0.000000000000000000e+00,1.000000000000000000e+00,-5.491087538486947306e-01
-7.615712785090231751e-01,-8.575319421493622363e-01,-7.475889557077199932e-01,0.000000000000000000e+00,1.000000000000000000e+00,-5.491087538486947306e-01
-1.032614641192448168e+00,-8.575319421493622363e-01,-7.475889557077199932e-01,0.000000000000000000e+00,1.000000000000000000e+00,-5.491087538486947306e-01
-2.806896286903909354e-01,-6.274008514051007679e-02,-9.539803772253667435e-02,0.000000000000000000e+00,1.000000000000000000e+00,-5.491087538486947306e-01
-5.211519228997321118e-01,-6.274008514051007679e-02,-9.448715655216630149e-02,0.000000000000000000e+00,1.000000000000000000e+00,-5.491087538486947306e-01
-4.423205663828055911e-01,-8.575319421493622363e-01,-7.484429068049421874e-01,0.000000000000000000e+00,1.000000000000000000e+00,-5.491087538486947306e-01
-3.164340237755594587e-01,-6.274008514051007679e-02,-9.668845271389460427e-02,0.000000000000000000e+00,1.000000000000000000e+00,-5.491087538486947306e-01
-9.599805809383912258e-01,-6.274008514051007679e-02,-9.767524064846244691e-02,0.000000000000000000e+00,1.000000000000000000e+00,-5.491087538486947306e-01
-1.153718014214688559e-01,-6.274008514051007679e-02,-9.365218214599338453e-02,0.000000000000000000e+00,1.000000000000000000e+00,-5.491087538486947306e-01
-1.022776406612286637e+00,-8.575319421493622363e-01,-7.480064429108065349e-01,0.000000000000000000e+00,1.000000000000000000e+00,-5.491087538486947306e-01
-6.130428723326502016e-01,-8.575319421493622363e-01,-7.479115594555595381e-01,0.000000000000000000e+00,1.000000000000000000e+00,-5.491087538486947306e-01
-1.115312844909747136e+00,-8.575319421493622363e-01,-7.471524918135842297e-01,0.000000000000000000e+00,1.000000000000000000e+00,-5.491087538486947306e-01
-1.042124934619925503e+00,-8.575319421493622363e-01,-7.482151865123496393e-01,0.000000000000000000e+00,1.000000000000000000e+00,-5.491087538486947306e-01
-5.511560364258372147e-01,-8.575319421493622363e-01,-7.475889557077199932e-01,0.000000000000000000e+00,1.000000000000000000e+00,-5.491087538486947306e-01
-9.767646908753002677e-01,-6.274008514051007679e-02,-9.251358068303058846e-02,0.000000000000000000e+00,1.000000000000000000e+00,-5.491087538486947306e-01
-9.598331353086633211e-01,-6.274008514051007679e-02,-9.737161359167238739e-02,0.000000000000000000e+00,1.000000000000000000e+00,-5.491087538486947306e-01
-6.737630318208794045e-02,-6.274008514051007679e-02,-9.737161359167238739e-02,0.000000000000000000e+00,1.000000000000000000e+00,-5.491087538486947306e-01
-5.211519228997428810e-01,-6.274008514051007679e-02,-9.365218214599338453e-02,0.000000000000000000e+00,1.000000000000000000e+00,-5.491087538486947306e-01
-3.502971349088917496e-01,-6.274008514051007679e-02,-9.706798653488231399e-02,0.000000000000000000e+00,1.000000000000000000e+00,-5.491087538486947306e-01
-4.129438905055284326e-01,-6.274008514051007679e-02,-9.737161359167238739e-02,0.000000000000000000e+00,1.000000000000000000e+00,-5.491087538486947306e-01
-8.016503722391666864e-01,-8.575319421493622363e-01,-7.475889557077199932e-01,0.000000000000000000e+00,1.000000000000000000e+00,-5.491087538486947306e-01
-5.511560364258372147e-01,-8.575319421493622363e-01,-7.482151865123496393e-01,0.000000000000000000e+00,1.000000000000000000e+00,-5.491087538486947306e-01
-5.451981523206634872e-01,-6.274008514051007679e-02,-9.524622419414155439e-02,0.000000000000000000e+00,1.000000000000000000e+00,-5.491087538486947306e-01
-8.550891638793410854e-01,-8.575319421493622363e-01,-7.475510023256213277e-01,0.000000000000000000e+00,1.000000000000000000e+00,-5.491087538486947306e-01
-4.055045882784259481e-01,-6.274008514051007679e-02,-9.767524064846244691e-02,0.000000000000000000e+00,1.000000000000000000e+00,-5.491087538486947306e-01
9.717969078143091910e-02,-6.274008514051007679e-02,-9.790296094105505054e-02,0.000000000000000000e+00,1.000000000000000000e+00,-5.491087538486947306e-01
-9.030626254675045983e-01,-6.274008514051007679e-02,-9.524622419414155439e-02,0.000000000000000000e+00,1.000000000000000000e+00,-5.491087538486947306e-01
-6.413339973186343856e-01,-8.575319421493622363e-01,-7.473612354151274451e-01,0.000000000000000000e+00,1.000000000000000000e+00,-5.491087538486947306e-01
-1.012592970818792404e+00,-8.575319421493622363e-01,-7.482341632033990830e-01,0.000000000000000000e+00,1.000000000000000000e+00,-5.491087538486947306e-01
-6.680533931387183655e-01,-8.575319421493622363e-01,-7.475510023256213277e-01,0.000000000000000000e+00,1.000000000000000000e+00,-5.491087538486947306e-01
-6.680533931387299118e-01,-8.575319421493622363e-01,-7.475510023256213277e-01,0.000000000000000000e+00,1.000000000000000000e+00,-5.491087538486947306e-01
-7.399902280389455411e-01,-8.575319421493622363e-01,-7.481582564392014190e-01,0.000000000000000000e+00,1.000000000000000000e+00,-5.491087538486947306e-01
-4.696242884262958883e-01,-6.274008514051007679e-02,-9.797886770525270073e-02,0.000000000000000000e+00,1.000000000000000000e+00,-5.491087538486947306e-01
-5.172180941543440547e-01,-8.575319421493622363e-01,-7.482341632033990830e-01,0.000000000000000000e+00,1.000000000000000000e+00,-5.491087538486947306e-01
-5.451981523206634872e-01,-6.274008514051007679e-02,-9.251358068303058846e-02,0.000000000000000000e+00,1.000000000000000000e+00,-5.491087538486947306e-01
-1.008088068673647753e+00,-6.274008514051007679e-02,-9.448715655216630149e-02,0.000000000000000000e+00,1.000000000000000000e+00,-5.491087538486947306e-01
-9.510194488493107778e-01,-6.274008514051007679e-02,-9.365218214599338453e-02,0.000000000000000000e+00,1.000000000000000000e+00,-5.491087538486947306e-01
-4.810176223980837662e-01,-8.575319421493622363e-01,-7.480064429108065349e-01,0.000000000000000000e+00,1.000000000000000000e+00,-5.491087538486947306e-01
9.717969078143091910e-02,-6.274008514051007679e-02,-9.448715655216630149e-02,0.000000000000000000e+00,1.000000000000000000e+00,-5.491087538486947306e-01
-1.012592970818792404e+00,-8.575319421493622363e-01,-7.482341632033990830e-01,0.000000000000000000e+00,1.000000000000000000e+00,-5.491087538486947306e-01
-1.604584815856960611e-01,-6.274008514051007679e-02,-9.767524064846244691e-02,0.000000000000000000e+00,1.000000000000000000e+00,-5.491087538486947306e-01
-7.399902280389651921e-01,-8.575319421493622363e-01,-7.484429068049421874e-01,0.000000000000000000e+00,1.000000000000000000e+00,-5.491087538486947306e-01
-5.830371337111512897e-01,-8.575319421493622363e-01,-7.482151865123496393e-01,0.000000000000000000e+00,1.000000000000000000e+00,-5.491087538486947306e-01
-1.051323415148163631e+00,-8.575319421493622363e-01,-7.473612354151274451e-01,0.000000000000000000e+00,1.000000000000000000e+00,-5.491087538486947306e-01
-8.474936078981196719e-01,-6.274008514051007679e-02,-9.790296094105505054e-02,0.000000000000000000e+00,1.000000000000000000e+00,-5.491087538486947306e-01
-1.068844330440022139e+00,-8.575319421493622363e-01,-7.479115594555595381e-01,0.000000000000000000e+00,1.000000000000000000e+00,-5.491087538486947306e-01
-8.550891638793263194e-01,-8.575319421493622363e-01,-7.468678414478434613e-01,0.000000000000000000e+00,1.000000000000000000e+00,-5.491087538486947306e-01
-6.680533931387068192e-01,-8.575319421493622363e-01,-7.471524918135842297e-01,0.000000000000000000e+00,1.000000000000000000e+00,-5.491087538486947306e-01
-3.164340237755594587e-01,-6.274008514051007679e-02,-9.448715655216630149e-02,0.000000000000000000e+00,1.000000000000000000e+00,-5.491087538486947306e-01
-1.085287035560074331e+00,-8.575319421493622363e-01,-7.468678414478434613e-01,0.000000000000000000e+00,1.000000000000000000e+00,-5.491087538486947306e-01
-8.474936078981196719e-01,-6.274008514051007679e-02,-9.448715655216630149e-02,0.000000000000000000e+00,1.000000000000000000e+00,-5.491087538486947306e-01
-1.108137559587221599e+00,-8.575319421493622363e-01,-7.471524918135842297e-01,0.000000000000000000e+00,1.000000000000000000e+00,-5.491087538486947306e-01
-1.145429032866290830e+00,-6.274008514051007679e-02,-9.881384211142560381e-02,0.000000000000000000e+00,1.000000000000000000e+00,-5.491087538486947306e-01
-8.869250397500652028e-01,-8.575319421493622363e-01,-7.471524918135842297e-01,0.000000000000000000e+00,1.000000000000000000e+00,-5.491087538486947306e-01
-8.016503722391497000e-01,-8.575319421493622363e-01,-7.480064429108065349e-01,0.000000000000000000e+00,1.000000000000000000e+00,-5.491087538486947306e-01
-1.604584815856960611e-01,-6.274008514051007679e-02,-9.251358068303058846e-02,0.000000000000000000e+00,1.000000000000000000e+00,-5.491087538486947306e-01
-4.419753138308120666e-01,-6.274008514051007679e-02,-9.524622419414155439e-02,0.000000000000000000e+00,1.000000000000000000e+00,-5.491087538486947306e-01
-1.154066829356393153e+00,-6.274008514051007679e-02,-9.790296094105505054e-02,0.000000000000000000e+00,1.000000000000000000e+00,-5.491087538486947306e-01
-8.474936078981196719e-01,-6.274008514051007679e-02,-9.668845271389460427e-02,0.000000000000000000e+00,1.000000000000000000e+00,-5.491087538486947306e-01
-1.127116904307269740e+00,-6.274008514051007679e-02,-9.767524064846244691e-02,0.000000000000000000e+00,1.000000000000000000e+00,-5.491087538486947306e-01
-8.202918111834027748e-01,-8.575319421493622363e-01,-7.473612354151274451e-01,0.000000000000000000e+00,1.000000000000000000e+00,-5.491087538486947306e-01
-1.008088068673647753e+00,-6.274008514051007679e-02,-9.668845271389460427e-02,0.000000000000000000e+00,1.000000000000000000e+00,-5.491087538486947306e-01
-7.172733328072946613e-01,-8.575319421493622363e-01,-7.481582564392014190e-01,0.000000000000000000e+00,1.000000000000000000e+00,-5.491087538486947306e-01
-6.130428723326502016e-01,-8.575319421493622363e-01,-7.473612354151274451e-01,0.000000000000000000e+00,1.000000000000000000e+00,-5.491087538486947306e-01
-1.618110506008041058e-02,-6.274008514051007679e-02,-9.251358068303058846e-02,0.000000000000000000e+00,1.000000000000000000e+00,-5.491087538486947306e-01
-6.413339973186343856e-01,-8.575319421493622363e-01,-7.471524918135842297e-01,0.000000000000000000e+00,1.000000000000000000e+00,-5.491087538486947306e-01
-7.215371680741794469e-01,-6.274008514051007679e-02,-9.706798653488231399e-02,0.000000000000000000e+00,1.000000000000000000e+00,-5.491087538486947306e-01
1.055078415642501710e+00,5.373277669011733426e-01,2.191738448003100609e-02,0.000000000000000000e+00,0.000000000000000000e+00,-5.491087538486947306e-01
1.941996168973683656e-02,-7.502350414531673284e-01,-5.316251027540416230e-01,0.000000000000000000e+00,0.000000000000000000e+00,-5.491087538486947306e-01
1.205811234968768186e+00,-9.952958640308965377e-01,-8.719667432512258065e-01,0.000000000000000000e+00,0.000000000000000000e+00,-5.491087538486947306e-01
-2.546862328800950093e-02,-7.455987556206156164e-01,-5.268748574505600635e-01,0.000000000000000000e+00,0.000000000000000000e+00,-5.491087538486947306e-01
1.779170499080380941e+00,4.393034378700817477e-01,2.215421358432724183e-02,0.000000000000000000e+00,0.000000000000000000e+00,-5.491087538486947306e-01
1.451841201087914923e+00,6.923121790178992097e-01,1.065550376620176376e+00,0.000000000000000000e+00,0.000000000000000000e+00,-5.491087538486947306e-01
1.888280265077869835e+00,1.995412276724111145e-01,8.125218391795673012e-02,0.000000000000000000e+00,0.000000000000000000e+00,-5.491087538486947306e-01
1.551031897449268504e+00,1.567907874822651371e+00,-2.238930081561165408e-01,0.000000000000000000e+00,0.000000000000000000e+00,-5.491087538486947306e-01
1.403236378858530031e+00,-1.680500061941830603e-01,-1.091219806894505873e-01,0.000000000000000000e+00,0.000000000000000000e+00,-5.491087538486947306e-01
-1.535315733857217924e-01,-7.815851647018497994e-01,-8.011163816394401005e-01,0.000000000000000000e+00,0.000000000000000000e+00,-5.491087538486947306e-01
6.235988864706148993e-01,5.399770730912030192e-01,1.018731084463139203e+00,0.000000000000000000e+00,0.000000000000000000e+00,-5.491087538486947306e-01
7.167308014039477926e-02,-9.813870065332416237e-01,-7.421661764734485134e-01,0.000000000000000000e+00,0.000000000000000000e+00,-5.491087538486947306e-01
9.708475479758772453e-01,1.579829752677784249e+00,3.013815894301948628e+00,0.000000000000000000e+00,0.000000000000000000e+00,-5.491087538486947306e-01
2.813909840239455229e-01,1.408979437034554166e-02,2.678148992980879800e-02,0.000000000000000000e+00,0.000000000000000000e+00,-5.491087538486947306e-01
1.788097661752902523e+00,5.055360926208192218e-01,7.917394968068437455e-01,0.000000000000000000e+00,0.000000000000000000e+00,-5.491087538486947306e-01
1.526987363721146629e+00,-1.201417192578162069e-01,-8.055452883078186854e-01,0.000000000000000000e+00,0.000000000000000000e+00,-5.491087538486947306e-01
7.213017223865476613e-01,2.353068612378092783e-01,-7.970051888648742311e-02,0.000000000000000000e+00,0.000000000000000000e+00,-5.491087538486947306e-01
-2.507671019547149105e-01,-7.330145512179753187e-01,-4.865182671973010686e-01,0.000000000000000000e+00,0.000000000000000000e+00,-5.491087538486947306e-01
2.310491255905496644e+00,8.459719380396109045e-01,3.125234879061652205e+00,0.000000000000000000e+00,0.000000000000000000e+00,-5.491087538486947306e-01
1.407205387725306123e+00,6.923121790178992097e-01,1.066716304518250169e+00,0.000000000000000000e+00,0.000000000000000000e+00,-5.491087538486947306e-01
1.987699869234290095e-01,-4.513049930115045072e-01,-7.963797995535141228e-01,0.000000000000000000e+00,0.000000000000000000e+00,-5.491087538486947306e-01
1.987699869234290095e-01,-4.248119311112092400e-01,-5.002907904933010519e-01,0.000000000000000000e+00,0.000000000000000000e+00,-5.491087538486947306e-01
1.501436549268591492e+00,3.876419671645058851e-01,1.063364261811287292e+00,0.000000000000000000e+00,0.000000000000000000e+00,-5.491087538486947306e-01
2.843543202516234381e+00,2.350777853976370846e+00,5.628168410693625834e-01,0.000000000000000000e+00,0.000000000000000000e+00,-5.491087538486947306e-01
1.831741568151898258e+00,-2.972036829581214401e-01,-1.165769545982089060e-02,0.000000000000000000e+00,0.000000000000000000e+00,-5.491087538486947306e-01
1.298095621727817228e+00,7.002600975879881284e-01,2.000453402225313426e-02,0.000000000000000000e+00,0.000000000000000000e+00,-5.491087538486947306e-01
8.669281185442319071e-01,-1.925560884519559590e-01,-5.321411863249581042e-02,0.000000000000000000e+00,0.000000000000000000e+00,-5.491087538486947306e-01
1.663744411478749741e-01,-4.513049930115045072e-01,-7.964445733256293458e-01,0.000000000000000000e+00,0.000000000000000000e+00,-5.491087538486947306e-01
1.666308457772138762e+00,3.167730265812164769e-01,1.219229693279211935e+00,0.000000000000000000e+00,0.000000000000000000e+00,-5.491087538486947306e-01
6.239615252275760859e-01,-1.925560884519559590e-01,-7.147222564747525431e-02,0.000000000000000000e+00,0.000000000000000000e+00,-5.491087538486947306e-01
2.752363264280186517e+00,4.859670815934314270e+00,3.184915813344318281e+00,0.000000000000000000e+00,0.000000000000000000e+00,-5.491087538486947306e-01
1.675020267900960036e+00,1.567907874822651371e+00,-2.239294434029313607e-01,0.000000000000000000e+00,0.000000000000000000e+00,-5.491087538486947306e-01
2.247366683280540567e+00,2.440854264437374077e+00,3.198761207133948403e+00,0.000000000000000000e+00,0.000000000000000000e+00,-5.491087538486947306e-01
8.102359134370120675e-01,-8.239740637423218494e-01,-5.162251384336465909e-01,0.000000000000000000e+00,0.000000000000000000e+00,-5.491087538486947306e-01
6.563570710031305655e-01,-1.475178832214544544e-01,-8.041931358149133624e-01,0.000000000000000000e+00,0.000000000000000000e+00,-5.491087538486947306e-01
1.545982543003252774e+00,2.183871564004512322e+00,2.998148738171577676e+00,0.000000000000000000e+00,0.000000000000000000e+00,-5.491087538486947306e-01
2.703266374460776333e+00,4.859670815934314270e+00,3.183822755939873517e+00,0.000000000000000000e+00,0.000000000000000000e+00,-5.491087538486947306e-01
2.731321740071868120e+00,3.275385714296668471e+00,7.248247408626085075e+00,0.000000000000000000e+00,0.000000000000000000e+00,-5.491087538486947306e-01
1.184026320912261010e+00,9.228018175504664189e-01,1.077501137575435308e+00,0.000000000000000000e+00,0.000000000000000000e+00,-5.491087538486947306e-01
-1.937324515469366071e-01,-3.130995200982985005e-01,7.411087554225298524e-02,0.000000000000000000e+00,0.000000000000000000e+00,-5.491087538486947306e-01
1.707257244218399750e+00,4.949388678607010150e-01,1.031446985601509603e+00,0.000000000000000000e+00,0.000000000000000000e+00,-5.491087538486947306e-01
2.934723140752281800e+00,2.308388954935898685e+00,3.225074742383606807e+00,0.000000000000000000e+00,0.000000000000000000e+00,-5.491087538486947306e-01
2.696252533058003831e+00,3.328371838097258895e+00,3.112336801689207899e+00,0.000000000000000000e+00,0.000000000000000000e+00,-5.491087538486947306e-01
1.045655299488173151e+00,5.466003385662764336e-01,1.099599114768620156e+00,0.000000000000000000e+00,0.000000000000000000e+00,-5.491087538486947306e-01
1.060037950460569478e+00,5.373277669011733426e-01,2.142550864803089913e-02,0.000000000000000000e+00,0.000000000000000000e+00,-5.491087538486947306e-01
3.096041493016057800e+00,4.083424102255667876e+00,5.474411669135108571e-01,0.000000000000000000e+00,0.000000000000000000e+00,-5.491087538486947306e-01
1.555991432267335828e+00,4.101610697797568594e-01,1.064165837241213275e+00,0.000000000000000000e+00,0.000000000000000000e+00,-5.491087538486947306e-01
-1.999318700695212336e-01,-2.481915184425756427e-01,7.394691693158639278e-02,0.000000000000000000e+00,0.000000000000000000e+00,-5.491087538486947306e-01
-2.757277570884114626e-02,-1.056892232949082633e+00,-7.279427669981152205e-01,0.000000000000000000e+00,0.000000000000000000e+00,-5.491087538486947306e-01
1.699817941991298209e+00,1.463260280316485806e+00,2.920443384299387449e-02,0.000000000000000000e+00,0.000000000000000000e+00,-5.491087538486947306e-01
1.531193758176997655e+00,3.750577627618658094e-01,2.581595588921604262e-02,0.000000000000000000e+00,0.000000000000000000e+00,-5.491087538486947306e-01
2.484218834902713891e-01,-9.721144348681384217e-01,-7.128221395699670948e-01,0.000000000000000000e+00,0.000000000000000000e+00,-5.491087538486947306e-01
2.465534169423708732e-01,-5.714068736261755932e-01,-5.196662450772679964e-01,0.000000000000000000e+00,0.000000000000000000e+00,-5.491087538486947306e-01
2.948750823557827250e+00,1.624867957908286087e+00,2.012283829856321482e+00,0.000000000000000000e+00,0.000000000000000000e+00,-5.491087538486947306e-01
-1.535315733857217924e-01,-8.107275327921743546e-01,-5.276253223259264047e-01,0.000000000000000000e+00,0.000000000000000000e+00,-5.491087538486947306e-01
1.196921111439236851e+00,5.479249916612910498e-01,-5.925630530518192218e-01,0.000000000000000000e+00,0.000000000000000000e+00,-5.491087538486947306e-01
1.658594268434335106e+00,2.631245762331191340e-01,1.204309459708545083e+00,0.000000000000000000e+00,0.000000000000000000e+00,-5.491087538486947306e-01
2.905049319069084035e-01,-5.687575674361460276e-01,-4.505384609676714169e-01,0.000000000000000000e+00,0.000000000000000000e+00,-5.491087538486947306e-01
3.364510564695337713e-01,-9.999763049666153814e-01,-8.025171144614319241e-01,0.000000000000000000e+00,0.000000000000000000e+00,-5.491087538486947306e-01
1.198904925366464091e+00,-5.674329143411311893e-01,-5.855492680399674299e-01,0.000000000000000000e+00,0.000000000000000000e+00,-5.491087538486947306e-01
7.029514435596972977e-01,4.114857228747714757e-01,1.650675032803091205e-02,0.000000000000000000e+00,0.000000000000000000e+00,-5.491087538486947306e-01
1.451841201087914923e+00,6.923121790178992097e-01,1.065714335230842691e+00,0.000000000000000000e+00,0.000000000000000000e+00,-5.491087538486947306e-01
-6.279575997861993608e-01,-9.396604340402768818e-01,-7.144480624590781037e-01,0.000000000000000000e+00,0.000000000000000000e+00,-5.491087538486947306e-01
-8.052727829977655849e-02,-7.522220210956892528e-01,-5.293023557695972769e-01,0.000000000000000000e+00,0.000000000000000000e+00,-5.491087538486947306e-01
2.913100536600809476e-01,6.177730579087648694e-02,2.729158338521618307e-02,0.000000000000000000e+00,0.000000000000000000e+00,-5.491087538486947306e-01
3.260267973865548230e-01,-7.598661609065769651e-02,-5.936378928328562843e-01,0.000000000000000000e+00,0.000000000000000000e+00,-5.491087538486947306e-01
1.548651884958548441e+00,3.525386601466148351e-01,1.364619991287878253e+00,0.000000000000000000e+00,0.000000000000000000e+00,-5.491087538486947306e-01
1.104673763823178279e+00,7.188052409181944213e-01,-5.875714242381896435e-01,0.000000000000000000e+00,0.000000000000000000e+00,-5.491087538486947306e-01
1.823806312442989741e+00,1.455312361746397443e+00,1.085006798419287266e+00,0.000000000000000000e+00,0.000000000000000000e+00,-5.491087538486947306e-01
9.762218120352255113e-01,5.730934004665716452e-01,1.096830036010694620e+00,0.000000000000000000e+00,0.000000000000000000e+00,-5.491087538486947306e-01
6.077637523397992902e-01,-1.952053946419853858e-01,-8.017398291960491363e-01,0.000000000000000000e+00,0.000000000000000000e+00,-5.491087538486947306e-01
8.061864702150681739e-01,-1.881405781352400719e-01,-5.233988336954080722e-01,0.000000000000000000e+00,0.000000000000000000e+00,-5.491087538486947306e-01
8.834785109373605172e-01,4.697704590554208082e-01,8.047650975431397402e-01,0.000000000000000000e+00,0.000000000000000000e+00,-5.491087538486947306e-01
1.409553510284762945e+00,-1.996209049587012729e-01,-8.035777849798186878e-01,0.000000000000000000e+00,0.000000000000000000e+00,-5.491087538486947306e-01
5.178661128126368363e-01,-2.005040070220447113e-01,-8.920404576401841368e-02,0.000000000000000000e+00,0.000000000000000000e+00,-5.491087538486947306e-01
2.418950490611109228e+00,-2.640873555827524810e-01,-5.863508434698933014e-01,0.000000000000000000e+00,0.000000000000000000e+00,-5.491087538486947306e-01
-7.931335648215004364e-01,-1.219559633016894296e+00,-8.736518734164110400e-01,0.000000000000000000e+00,0.000000000000000000e+00,-5.491087538486947306e-01
6.196312586161607516e-01,-3.889632943024449313e-02,6.531176343647523974e-02,0.000000000000000000e+00,0.000000000000000000e+00,-5.491087538486947306e-01
-8.737927409533883250e-01,-1.301356961634055454e+00,-7.160557677247818553e-01,0.000000000000000000e+00,0.000000000000000000e+00,-5.491087538486947306e-01
1.019369764952414270e+00,5.704440942765420797e-01,1.099562679521805642e+00,0.000000000000000000e+00,0.000000000000000000e+00,-5.491087538486947306e-01
6.523641884154072201e-01,-1.806042769831513314e-03,1.404340523290152111e-03,0.000000000000000000e+00,0.000000000000000000e+00,-5.491087538486947306e-01
6.260786538796484502e-01,5.730934004665716452e-01,1.048152546266102547e+00,0.000000000000000000e+00,0.000000000000000000e+00,-5.491087538486947306e-01
2.541948022197001222e+00,4.862320122124343058e+00,3.195554905414244473e+00,0.000000000000000000e+00,0.000000000000000000e+00,-5.491087538486947306e-01
1.486557944814388854e+00,5.068607457158338381e-01,-5.883547820447080356e-01,0.000000000000000000e+00,0.000000000000000000e+00,-5.491087538486947306e-01
2.878612409530099114e+00,2.009017355462564325e+00,5.455465340791405549e-01,0.000000000000000000e+00,0.000000000000000000e+00,-5.491087538486947306e-01
1.922997008804342878e+00,-1.567904548865575731e-01,-2.411450975229313121e-01,0.000000000000000000e+00,0.000000000000000000e+00,-5.491087538486947306e-01
2.347713567341097596e-01,2.074891462424996447e-01,2.384126252162601322e-04,0.000000000000000000e+00,0.000000000000000000e+00,-5.491087538486947306e-01
1.658204005447619034e+00,2.586566104888996520e+00,7.083341481542232643e+00,0.000000000000000000e+00,0.000000000000000000e+00,-5.491087538486947306e-01
2.533019791426666334e+00,1.526843628877194048e+00,-2.245124073519683960e-01,0.000000000000000000e+00,0.000000000000000000e+00,-5.491087538486947306e-01
9.727501376625782292e-01,5.571975633263945848e-01,9.811481273736579745e-01,0.000000000000000000e+00,0.000000000000000000e+00,-5.491087538486947306e-01
1.352650504726561564e+00,6.923121790178992097e-01,1.065641464737213218e+00,0.000000000000000000e+00,0.000000000000000000e+00,-5.491087538486947306e-01
1.982511426621155204e+00,7.890118549539760773e-01,1.060176177714991175e+00,0.000000000000000000e+00,0.000000000000000000e+00,-5.491087538486947306e-01
1.016757517756169626e+00,-4.645515239616518910e-01,-7.970761176037528539e-01,0.000000000000000000e+00,0.000000000000000000e+00,-5.491087538486947306e-01
6.514977391367972048e-01,1.008241942178917494e+00,1.267597483425878524e+00,0.000000000000000000e+00,0.000000000000000000e+00,-5.491087538486947306e-01
5.729385406310786299e-01,-2.314125792390555880e-01,-5.302789403766449555e-02,0.000000000000000000e+00,0.000000000000000000e+00,-5.491087538486947306e-01
1.818846777624922195e+00,1.455312361746397443e+00,1.084496704963879843e+00,0.000000000000000000e+00,0.000000000000000000e+00,-5.491087538486947306e-01
1.913077939168207564e+00,1.451338402461353150e+00,-2.293400775549313819e-01,0.000000000000000000e+00,0.000000000000000000e+00,-5.491087538486947306e-01
6.905526065145281001e-01,-3.064762546232247531e-01,-5.463306907789466232e-02,0.000000000000000000e+00,0.000000000000000000e+00,-5.491087538486947306e-01
2.546523033862598262e-01,-5.290179745857033211e-01,-5.112213645377454707e-01,0.000000000000000000e+00,0.000000000000000000e+00,-5.491087538486947306e-01
2.665123795697428299e-01,6.575126507592118918e-02,2.051462747766051933e-02,0.000000000000000000e+00,0.000000000000000000e+00,-5.491087538486947306e-01
3.138124541432694592e+00,4.761646486903222453e+00,3.190891193821947969e+00,0.000000000000000000e+00,0.000000000000000000e+00,-5.491087538486947306e-01
2.759377105682959463e+00,4.337757496498500842e+00,5.045204461656592754e-01,0.000000000000000000e+00,0.000000000000000000e+00,-5.491087538486947306e-01
1.819522357711394589e+00,1.614270733148168047e+00,1.948959370892173526e+00,0.000000000000000000e+00,0.000000000000000000e+00,-5.491087538486947306e-01
-1.778282327173874300e-01,-5.131221374455262607e-01,-8.010839947533824335e-01,0.000000000000000000e+00,0.000000000000000000e+00,-5.491087538486947306e-01
1.298095621727817228e+00,7.002600975879881284e-01,1.987701065840128886e-02,0.000000000000000000e+00,0.000000000000000000e+00,-5.491087538486947306e-01
2.295457554102050268e-01,-3.011776422431658995e-01,-5.359001717136466780e-01,0.000000000000000000e+00,0.000000000000000000e+00,-5.491087538486947306e-01
7.009009464445175031e-01,-4.407077682513865224e-01,-6.413356792742060941e-01,0.000000000000000000e+00,0.000000000000000000e+00,-5.491087538486947306e-01
2.394152816520771498e+00,8.959502078618655774e-02,-5.924901825581896375e-01,0.000000000000000000e+00,0.000000000000000000e+00,-5.491087538486947306e-01
5.991139536289151746e-01,-1.057554559496590052e+00,-8.710740797042628714e-01,0.000000000000000000e+00,0.000000000000000000e+00,-5.491087538486947306e-01
6.568277697516680114e-01,4.313555192999928289e-01,9.839100160919997742e-03,0.000000000000000000e+00,0.000000000000000000e+00,-5.491087538486947306e-01
1.927956543622410646e+00,2.882929850383995074e-01,-6.019086938598192660e-01,0.000000000000000000e+00,0.000000000000000000e+00,-5.491087538486947306e-01
7.133664666776395880e-01,-4.005266243692722772e-01,5.574751114758641490e-02,0.000000000000000000e+00,0.000000000000000000e+00,-5.491087538486947306e-01
4.204228434654171842e+00,4.515261011230477628e+00,5.577159065152886841e-01,0.000000000000000000e+00,0.000000000000000000e+00,-5.491087538486947306e-01
2.682224850252458825e+00,4.337757496498500842e+00,5.034273887612148446e-01,0.000000000000000000e+00,0.000000000000000000e+00,-5.491087538486947306e-01
8.120612095571861921e-01,8.959502078618655774e-02,-2.458998972322646304e-01,0.000000000000000000e+00,0.000000000000000000e+00,-5.491087538486947306e-01
6.637711184969626865e-01,4.936142147656863988e-01,3.705622953158631966e-02,0.000000000000000000e+00,0.000000000000000000e+00,-5.491087538486947306e-01
-5.995515421049691929e-01,-9.906595781983449367e-01,-7.272504973086335589e-01,0.000000000000000000e+00,0.000000000000000000e+00,-5.491087538486947306e-01
1.486557944814388854e+00,5.068607457158338381e-01,-5.884276525383377310e-01,0.000000000000000000e+00,0.000000000000000000e+00,-5.491087538486947306e-01
1.987699869234290095e-01,-4.248119311112092400e-01,-5.002503068857290236e-01,0.000000000000000000e+00,0.000000000000000000e+00,-5.491087538486947306e-01
5.670601895446434337e-01,-3.740335624689770655e-01,1.962196393069759459e-02,0.000000000000000000e+00,0.000000000000000000e+00,-5.491087538486947306e-01
3.557840062949609861e-01,-9.188245323083475691e-02,-6.045320316304857444e-01,0.000000000000000000e+00,0.000000000000000000e+00,-5.491087538486947306e-01
1.815219768777165919e-03,-1.000594476410955558e+00,-7.075299199701151620e-01,0.000000000000000000e+00,0.000000000000000000e+00,-5.491087538486947306e-01
2.387643511335997726e+00,4.740452037382985040e+00,3.042453998298392470e+00,0.000000000000000000e+00,0.000000000000000000e+00,-5.491087538486947306e-01
1.094754694187043187e+00,5.373277669011733426e-01,2.126155003736431709e-02,0.000000000000000000e+00,0.000000000000000000e+00,-5.491087538486947306e-01
-6.269055235757834410e-01,-9.654911693930645633e-01,-7.075891272461892756e-01,0.000000000000000000e+00,0.000000000000000000e+00,-5.491087538486947306e-01
5.470221040106351129e-01,-7.333730990062825583e-02,-1.087819183858454303e-01,0.000000000000000000e+00,0.000000000000000000e+00,-5.491087538486947306e-01
1.863482590987531440e+00,1.995412276724111145e-01,8.137970728180857205e-02,0.000000000000000000e+00,0.000000000000000000e+00,-5.491087538486947306e-01
-1.535315733857217924e-01,-8.107275327921743546e-01,-5.277062895410705723e-01,0.000000000000000000e+00,0.000000000000000000e+00,-5.491087538486947306e-01
1.932420124958671659e+00,-2.296463751123691555e-01,-5.078915053893200138e-02,0.000000000000000000e+00,0.000000000000000000e+00,-5.491087538486947306e-01
7.867675819850408203e-01,4.750690714354797173e-01,-2.287571136058943466e-01,0.000000000000000000e+00,0.000000000000000000e+00,-5.491087538486947306e-01
3.202532835817565315e-01,-4.000850733376006829e-01,-8.050999686245264853e-01,0.000000000000000000e+00,0.000000000000000000e+00,-5.491087538486947306e-01
2.069979617529305038e-01,-3.872800934191246713e-01,1.943978769662355402e-02,0.000000000000000000e+00,0.000000000000000000e+00,-5.491087538486947306e-01
1.336663532289765977e+00,-2.817493968496159740e-01,-6.388175988832265340e-01,0.000000000000000000e+00,0.000000000000000000e+00,-5.491087538486947306e-01
-2.144916490927384900e-01,-1.057422094187088435e+00,-8.739843450435962335e-01,0.000000000000000000e+00,0.000000000000000000e+00,-5.491087538486947306e-01
-4.775107016967211626e-01,-7.244043061003794248e-01,-7.173310013633003024e-01,0.000000000000000000e+00,0.000000000000000000e+00,-5.491087538486947306e-01
8.914137666462685905e-01,-7.436117759780934700e-01,-5.968806297993747290e-01,0.000000000000000000e+00,0.000000000000000000e+00,-5.491087538486947306e-01
4.396840659944192820e-02,-7.508973680006746365e-01,-5.256497222764119348e-01,0.000000000000000000e+00,0.000000000000000000e+00,-5.491087538486947306e-01
1.600627245629944628e+00,1.569232527917665987e+00,-2.241298372604127731e-01,0.000000000000000000e+00,0.000000000000000000e+00,-5.491087538486947306e-01
-4.771600096265825597e-01,-6.787037743223705011e-01,-5.207628447973750019e-01,0.000000000000000000e+00,0.000000000000000000e+00,-5.491087538486947306e-01
-2.320262525996706071e-01,-7.482480618106449599e-01,-5.225481718913009832e-01,0.000000000000000000e+00,0.000000000000000000e+00,-5.491087538486947306e-01
1.300218543292267714e+00,-2.985283360531365004e-01,-7.372311422847921403e-02,0.000000000000000000e+00,0.000000000000000000e+00,-5.491087538486947306e-01
1.089795159368975197e+00,5.373277669011733426e-01,2.229995457158654576e-02,0.000000000000000000e+00,0.000000000000000000e+00,-5.491087538486947306e-01
-4.494553360856297086e-01,-7.482480618106449599e-01,-8.725041631417442822e-01,0.000000000000000000e+00,0.000000000000000000e+00,-5.491087538486947306e-01
6.989838157052434831e-01,-9.188245323083475691e-02,2.969630967499380103e-02,0.000000000000000000e+00,0.000000000000000000e+00,-5.491087538486947306e-01
-1.942284050287433617e-01,-7.383131635980342278e-01,-4.866457905611528689e-01,0.000000000000000000e+00,0.000000000000000000e+00,-5.491087538486947306e-01
1.670060733082892046e+00,1.567907874822651371e+00,-2.243120134944870114e-01,0.000000000000000000e+00,0.000000000000000000e+00,-5.491087538486947306e-01
-5.835518882470552837e-01,-7.952732466836689440e-01,3.893264474254946178e-02,0.000000000000000000e+00,0.000000000000000000e+00,-5.491087538486947306e-01
1.258419343183275751e+00,2.904124299904233264e-01,1.013976284753805857e+00,0.000000000000000000e+00,0.000000000000000000e+00,-5.491087538486947306e-01
6.226069795070015012e-01,6.287288304571909681e-01,1.047952152408620607e+00,0.000000000000000000e+00,0.000000000000000000e+00,-5.491087538486947306e-01
1.652592932325400943e+00,1.969277762612121618e+00,3.137549992485059391e+00,0.000000000000000000e+00,0.000000000000000000e+00,-5.491087538486947306e-01
8.403305580201716474e-01,-6.323409159968541582e-01,-5.799564576538933647e-01,0.000000000000000000e+00,0.000000000000000000e+00,-5.491087538486947306e-01
1.427043526997576528e+00,6.923121790178992097e-01,1.063692179032620810e+00,0.000000000000000000e+00,0.000000000000000000e+00,-5.491087538486947306e-01
2.081702122982508563e+00,3.690968238342996477e-01,-5.981740810613006554e-01,0.000000000000000000e+00,0.000000000000000000e+00,-5.491087538486947306e-01
5.859064218533003299e-01,1.806375365538980676e-02,3.534377293129013081e-02,0.000000000000000000e+00,0.000000000000000000e+00,-5.491087538486947306e-01
1.167235107253517867e+00,1.081760188952237023e+00,5.190945448915851301e-01,0.000000000000000000e+00,0.000000000000000000e+00,-5.491087538486947306e-01
1.392326783271103041e+00,7.002600975879881284e-01,2.009562213929024302e-02,0.000000000000000000e+00,0.000000000000000000e+00,-5.491087538486947306e-01
-6.272562156459220439e-01,-9.224399438050850941e-01,-7.235113301042632727e-01,0.000000000000000000e+00,0.000000000000000000e+00,-5.491087538486947306e-01
9.236203236514517467e-01,4.309139682683214012e-01,-7.996913586529050821e-01,0.000000000000000000e+00,0.000000000000000000e+00,-5.491087538486947306e-01
2.654169484641367038e+00,3.667483030421035739e+00,7.213633924152010657e+00,0.000000000000000000e+00,0.000000000000000000e+00,-5.491087538486947306e-01
3.607435411130282543e-01,-7.992472059687130148e-01,-5.881543881872266510e-01,0.000000000000000000e+00,0.000000000000000000e+00,-5.491087538486947306e-01
8.214843257115146402e-01,-5.992245886214853101e-01,-5.799564576538933647e-01,0.000000000000000000e+00,0.000000000000000000e+00,-5.491087538486947306e-01
3.250348904229409808e-01,1.015168986413191310e-01,-1.263011995626352746e-01,0.000000000000000000e+00,0.000000000000000000e+00,-5.491087538486947306e-01
2.392644191428712763e-01,-5.475631179159100581e-01,-5.346856634864861624e-01,0.000000000000000000e+00,0.000000000000000000e+00,-5.491087538486947306e-01
1.663744411478749741e-01,-4.248119311112092400e-01,-5.002665003287577461e-01,0.000000000000000000e+00,0.000000000000000000e+00,-5.491087538486947306e-01
-1.999318700695212336e-01,-2.481915184425756427e-01,7.411087554225298524e-02,0.000000000000000000e+00,0.000000000000000000e+00,-5.491087538486947306e-01
1.163196274676376651e+00,5.664701349914977868e-01,-5.925630530518192218e-01,0.000000000000000000e+00,0.000000000000000000e+00,-5.491087538486947306e-01
1.117993598304775960e+00,4.291477641416349686e-01,-5.033999315548319808e-01,0.000000000000000000e+00,0.000000000000000000e+00,-5.491087538486947306e-01
1.494673578633458622e-01,1.889440029122931575e-01,1.108892613642325451e-04,0.000000000000000000e+00,0.000000000000000000e+00,-5.491087538486947306e-01
-7.015204033026293251e-01,-2.806097180163046878e-01,-5.854521073817945398e-01,1.000000000000000000e+00,0.000000000000000000e+00,1.195781249839070748e+00
-3.187182055737499686e-01,-9.430947462473477927e-01,-2.059182863941413366e-01,1.000000000000000000e+00,0.000000000000000000e+00,1.195781249839070748e+00
-3.187182055737499686e-01,-3.574546301005259163e-01,1.565239544881573908e+00,1.000000000000000000e+00,0.000000000000000000e+00,2.940671253526836892e+00
-7.015204033026293251e-01,1.185514648487275419e-01,-3.324295600566923858e-01,1.000000000000000000e+00,0.000000000000000000e+00,-5.491087538486947306e-01
-7.015204033026293251e-01,-2.806097180163046878e-01,-5.854521073817945398e-01,1.000000000000000000e+00,0.000000000000000000e+00,-5.491087538486947306e-01
-3.187182055737499686e-01,1.079543648068569395e+00,5.531493555811651808e-01,1.000000000000000000e+00,0.000000000000000000e+00,2.068226251682953709e+00
-3.187182055737499686e-01,1.874501909893621088e+00,1.565239544881573908e+00,1.000000000000000000e+00,0.000000000000000000e+00,2.940671253526836892e+00
-7.015204033026293251e-01,-4.052588913214349997e-02,-3.324295600566923858e-01,1.000000000000000000e+00,0.000000000000000000e+00,1.195781249839070748e+00
-7.015204033026293251e-01,-4.052588913214349997e-02,-3.324295600566923858e-01,1.000000000000000000e+00,0.000000000000000000e+00,2.940671253526836892e+00
-7.015204033026293251e-01,-2.806097180163046878e-01,-5.854521073817945398e-01,1.000000000000000000e+00,0.000000000000000000e+00,3.233362479951880641e-01
-7.015204033026293251e-01,-7.695057256972530624e-01,-7.752190178756211969e-01,1.000000000000000000e+00,0.000000000000000000e+00,3.233362479951880641e-01
-3.187182055737499686e-01,2.793981980786275354e-01,-2.059182863941413366e-01,1.000000000000000000e+00,0.000000000000000000e+00,2.940671253526836892e+00
-7.015204033026293251e-01,1.185514648487275419e-01,-3.324295600566923858e-01,1.000000000000000000e+00,0.000000000000000000e+00,2.068226251682953709e+00
-7.015204033026293251e-01,-1.141366662932143949e+00,-5.854521073817945398e-01,1.000000000000000000e+00,0.000000000000000000e+00,1.195781249839070748e+00
-3.187182055737499686e-01,-6.493224537026416332e-01,5.531493555811651808e-01,1.000000000000000000e+00,0.000000000000000000e+00,1.195781249839070748e+00
-7.015204033026293251e-01,-7.695057256972530624e-01,-7.752190178756211969e-01,1.000000000000000000e+00,0.000000000000000000e+00,-5.491087538486947306e-01
-7.015204033026293251e-01,-1.141366662932143949e+00,-5.854521073817945398e-01,1.000000000000000000e+00,0.000000000000000000e+00,2.940671253526836892e+00
-3.187182055737499686e-01,2.793981980786275354e-01,-2.059182863941413366e-01,1.000000000000000000e+00,0.000000000000000000e+00,3.233362479951880641e-01
-3.187182055737499686e-01,1.016031029799442514e-01,-2.059182863941413366e-01,1.000000000000000000e+00,0.000000000000000000e+00,1.195781249839070748e+00
-3.187182055737499686e-01,1.079543648068569395e+00,5.531493555811651808e-01,1.000000000000000000e+00,0.000000000000000000e+00,1.195781249839070748e+00
-3.187182055737499686e-01,-9.430947462473477927e-01,-2.059182863941413366e-01,1.000000000000000000e+00,0.000000000000000000e+00,2.068226251682953709e+00
-3.187182055737499686e-01,1.016031029799442514e-01,-2.059182863941413366e-01,1.000000000000000000e+00,0.000000000000000000e+00,-5.491087538486947306e-01
-7.015204033026293251e-01,1.185514648487275419e-01,-3.324295600566923858e-01,1.000000000000000000e+00,0.000000000000000000e+00,1.195781249839070748e+00
-3.187182055737499686e-01,1.016031029799442514e-01,-2.059182863941413366e-01,1.000000000000000000e+00,0.000000000000000000e+00,2.068226251682953709e+00
-3.187182055737499686e-01,8.281034132565978645e-01,5.531493555811651808e-01,1.000000000000000000e+00,0.000000000000000000e+00,2.068226251682953709e+00
-3.187182055737499686e-01,1.079543648068569395e+00,5.531493555811651808e-01,1.000000000000000000e+00,0.000000000000000000e+00,2.940671253526836892e+00
-7.015204033026293251e-01,-1.291022543237101194e+00,-7.752190178756211969e-01,1.000000000000000000e+00,0.000000000000000000e+00,3.233362479951880641e-01
-7.015204033026293251e-01,-2.806097180163046878e-01,-5.854521073817945398e-01,1.000000000000000000e+00,0.000000000000000000e+00,2.940671253526836892e+00
-7.015204033026293251e-01,-9.926809727484126045e-01,-3.324295600566923858e-01,1.000000000000000000e+00,0.000000000000000000e+00,-5.491087538486947306e-01
-3.187182055737499686e-01,1.079543648068569395e+00,5.531493555811651808e-01,1.000000000000000000e+00,0.000000000000000000e+00,-5.491087538486947306e-01
-7.015204033026293251e-01,-1.141366662932143949e+00,-5.854521073817945398e-01,1.000000000000000000e+00,0.000000000000000000e+00,3.233362479951880641e-01
-3.187182055737499686e-01,-6.493224537026416332e-01,5.531493555811651808e-01,1.000000000000000000e+00,0.000000000000000000e+00,3.233362479951880641e-01
-3.187182055737499686e-01,-3.574546301005259163e-01,1.565239544881573908e+00,1.000000000000000000e+00,0.000000000000000000e+00,1.195781249839070748e+00
-7.015204033026293251e-01,-6.823754705336958493e-01,-7.752190178756211969e-01,1.000000000000000000e+00,0.000000000000000000e+00,2.068226251682953709e+00
-7.015204033026293251e-01,-9.926809727484126045e-01,-3.324295600566923858e-01,1.000000000000000000e+00,0.000000000000000000e+00,1.195781249839070748e+00
-7.015204033026293251e-01,-6.823754705336958493e-01,-7.752190178756211969e-01,1.000000000000000000e+00,0.000000000000000000e+00,1.195781249839070748e+00
-3.187182055737499686e-01,-3.574546301005259163e-01,1.565239544881573908e+00,1.000000000000000000e+00,0.000000000000000000e+00,3.233362479951880641e-01
-3.187182055737499686e-01,-9.430947462473477927e-01,-2.059182863941413366e-01,1.000000000000000000e+00,0.000000000000000000e+00,-5.491087538486947306e-01
-3.187182055737499686e-01,1.874501909893621088e+00,1.565239544881573908e+00,1.000000000000000000e+00,0.000000000000000000e+00,-5.491087538486947306e-01
-3.187182055737499686e-01,1.016031029799442514e-01,-2.059182863941413366e-01,1.000000000000000000e+00,0.000000000000000000e+00,2.940671253526836892e+00
-7.015204033026293251e-01,-1.141366662932143949e+00,-5.854521073817945398e-01,1.000000000000000000e+00,0.000000000000000000e+00,2.068226251682953709e+00
-7.015204033026293251e-01,-1.291022543237101194e+00,-7.752190178756211969e-01,1.000000000000000000e+00,0.000000000000000000e+00,2.068226251682953709e+00
-3.187182055737499686e-01,8.281034132565978645e-01,5.531493555811651808e-01,1.000000000000000000e+00,0.000000000000000000e+00,2.940671253526836892e+00
-7.015204033026293251e-01,-4.038305065616354383e-01,-5.854521073817945398e-01,1.000000000000000000e+00,0.000000000000000000e+00,1.195781249839070748e+00
-7.015204033026293251e-01,-7.695057256972530624e-01,-7.752190178756211969e-01,1.000000000000000000e+00,0.000000000000000000e+00,1.195781249839070748e+00
-3.187182055737499686e-01,2.793981980786275354e-01,-2.059182863941413366e-01,1.000000000000000000e+00,0.000000000000000000e+00,2.068226251682953709e+00
-3.187182055737499686e-01,8.281034132565978645e-01,5.531493555811651808e-01,1.000000000000000000e+00,0.000000000000000000e+00,3.233362479951880641e-01
-3.187182055737499686e-01,1.549893962562536975e+00,1.565239544881573908e+00,1.000000000000000000e+00,0.000000000000000000e+00,2.940671253526836892e+00
-7.015204033026293251e-01,-4.038305065616354383e-01,-5.854521073817945398e-01,1.000000000000000000e+00,0.000000000000000000e+00,3.233362479951880641e-01
-3.187182055737499686e-01,-9.430947462473477927e-01,-2.059182863941413366e-01,1.000000000000000000e+00,0.000000000000000000e+00,3.233362479951880641e-01
-3.187182055737499686e-01,1.549893962562536975e+00,1.565239544881573908e+00,1.000000000000000000e+00,0.000000000000000000e+00,-5.491087538486947306e-01
-7.015204033026293251e-01,1.185514648487275419e-01,-3.324295600566923858e-01,1.000000000000000000e+00,0.000000000000000000e+00,3.233362479951880641e-01
-3.187182055737499686e-01,-9.430947462473477927e-01,-2.059182863941413366e-01,1.000000000000000000e+00,0.000000000000000000e+00,2.940671253526836892e+00
-7.015204033026293251e-01,-7.695057256972530624e-01,-7.752190178756211969e-01,1.000000000000000000e+00,0.000000000000000000e+00,2.068226251682953709e+00
-7.015204033026293251e-01,-7.695057256972530624e-01,-7.752190178756211969e-01,1.000000000000000000e+00,0.000000000000000000e+00,2.940671253526836892e+00
-7.015204033026293251e-01,-9.926809727484126045e-01,-3.324295600566923858e-01,1.000000000000000000e+00,0.000000000000000000e+00,3.233362479951880641e-01
-7.015204033026293251e-01,-6.823754705336958493e-01,-7.752190178756211969e-01,1.000000000000000000e+00,0.000000000000000000e+00,2.940671253526836892e+00
-7.015204033026293251e-01,-4.038305065616354383e-01,-5.854521073817945398e-01,1.000000000000000000e+00,0.000000000000000000e+00,2.940671253526836892e+00
-7.015204033026293251e-01,-1.141366662932143949e+00,-5.854521073817945398e-01,1.000000000000000000e+00,0.000000000000000000e+00,-5.491087538486947306e-01
-3.187182055737499686e-01,1.549893962562536975e+00,1.565239544881573908e+00,1.000000000000000000e+00,0.000000000000000000e+00,3.233362479951880641e-01
-3.187182055737499686e-01,1.079543648068569395e+00,5.531493555811651808e-01,1.000000000000000000e+00,0.000000000000000000e+00,3.233362479951880641e-01
-7.015204033026293251e-01,-4.038305065616354383e-01,-5.854521073817945398e-01,1.000000000000000000e+00,0.000000000000000000e+00,2.068226251682953709e+00
-3.187182055737499686e-01,2.793981980786275354e-01,-2.059182863941413366e-01,1.000000000000000000e+00,0.000000000000000000e+00,-5.491087538486947306e-01
-3.187182055737499686e-01,8.281034132565978645e-01,5.531493555811651808e-01,1.000000000000000000e+00,0.000000000000000000e+00,1.195781249839070748e+00
-7.015204033026293251e-01,-4.052588913214349997e-02,-3.324295600566923858e-01,1.000000000000000000e+00,0.000000000000000000e+00,-5.491087538486947306e-01
-7.015204033026293251e-01,-1.291022543237101194e+00,-7.752190178756211969e-01,1.000000000000000000e+00,0.000000000000000000e+00,1.195781249839070748e+00
-3.187182055737499686e-01,-3.574546301005259163e-01,1.565239544881573908e+00,1.000000000000000000e+00,0.000000000000000000e+00,2.068226251682953709e+00
-7.015204033026293251e-01,-6.823754705336958493e-01,-7.752190178756211969e-01,1.000000000000000000e+00,0.000000000000000000e+00,3.233362479951880641e-01
-3.187182055737499686e-01,-6.493224537026416332e-01,5.531493555811651808e-01,1.000000000000000000e+00,0.000000000000000000e+00,2.940671253526836892e+00
-3.187182055737499686e-01,1.874501909893621088e+00,1.565239544881573908e+00,1.000000000000000000e+00,0.000000000000000000e+00,1.195781249839070748e+00
-3.187182055737499686e-01,1.874501909893621088e+00,1.565239544881573908e+00,1.000000000000000000e+00,0.000000000000000000e+00,2.068226251682953709e+00
-7.015204033026293251e-01,-6.823754705336958493e-01,-7.752190178756211969e-01,1.000000000000000000e+00,0.000000000000000000e+00,-5.491087538486947306e-01
