-4.651441651604829586e-01,4.152903531803641690e-01,1.189409713998994311e+00,1.000000000000000000e+00,1.000000000000000000e+00,-4.106674663889295362e-01
-2.073791823540072077e-01,4.152903531803641690e-01,-1.190521647645145092e-01,1.000000000000000000e+00,1.000000000000000000e+00,1.163891697424234595e+00
-6.438266215897501255e-01,-6.657764306141866761e-01,-5.747250247664782430e-01,1.000000000000000000e+00,1.000000000000000000e+00,3.525730443143980430e+00
-4.159924124711339988e-01,-6.657764306141866761e-01,-5.747250247664782430e-01,1.000000000000000000e+00,1.000000000000000000e+00,1.163891697424234595e+00
-2.449699090132848034e-01,4.152903531803641690e-01,-1.190521647645145092e-01,1.000000000000000000e+00,1.000000000000000000e+00,3.525730443143980430e+00
3.188909908758807421e-01,4.152903531803641690e-01,-1.190521647645145092e-01,1.000000000000000000e+00,1.000000000000000000e+00,1.951171279330816466e+00
-6.742045161388987573e-01,-6.657764306141866761e-01,-7.549270780886627730e-01,1.000000000000000000e+00,1.000000000000000000e+00,3.525730443143980430e+00
-1.590482480777928309e-01,4.152903531803641690e-01,1.189409713998994311e+00,1.000000000000000000e+00,1.000000000000000000e+00,3.766121155176524460e-01
-1.179237013018497482e+00,-6.657764306141866761e-01,-7.549270780886627730e-01,1.000000000000000000e+00,1.000000000000000000e+00,1.163891697424234595e+00
2.974105756420075686e-01,4.152903531803641690e-01,-1.190521647645145092e-01,1.000000000000000000e+00,1.000000000000000000e+00,3.766121155176524460e-01
-1.098816414559735444e+00,4.152903531803641690e-01,-1.190521647645145092e-01,1.000000000000000000e+00,1.000000000000000000e+00,2.738450861237398559e+00
-1.179237013018497482e+00,-6.657764306141866761e-01,-7.549270780886627730e-01,1.000000000000000000e+00,1.000000000000000000e+00,1.951171279330816466e+00
-3.856145179219853114e-01,-6.657764306141866761e-01,-7.549270780886627730e-01,1.000000000000000000e+00,1.000000000000000000e+00,1.951171279330816466e+00
-6.590155688643244414e-01,-6.657764306141866761e-01,-5.747250247664782430e-01,1.000000000000000000e+00,1.000000000000000000e+00,1.163891697424234595e+00
9.871673472868275345e-02,4.152903531803641690e-01,6.017560485242240409e-01,1.000000000000000000e+00,1.000000000000000000e+00,3.766121155176524460e-01
-1.098816414559735444e+00,4.152903531803641690e-01,-1.190521647645145092e-01,1.000000000000000000e+00,1.000000000000000000e+00,3.525730443143980430e+00
-1.076711618915120239e+00,-6.657764306141866761e-01,-5.747250247664782430e-01,1.000000000000000000e+00,1.000000000000000000e+00,1.163891697424234595e+00
-1.002154546007307356e+00,4.152903531803641690e-01,6.017560485242240409e-01,1.000000000000000000e+00,1.000000000000000000e+00,-4.106674663889295362e-01
-3.953328156503957969e-01,4.152903531803641690e-01,6.017560485242240409e-01,1.000000000000000000e+00,1.000000000000000000e+00,2.738450861237398559e+00
-2.503400128217532217e-01,4.152903531803641690e-01,-1.190521647645145092e-01,1.000000000000000000e+00,1.000000000000000000e+00,-4.106674663889295362e-01
-1.093446310751267303e+00,4.152903531803641690e-01,-1.190521647645145092e-01,1.000000000000000000e+00,1.000000000000000000e+00,1.951171279330816466e+00
-9.362138566253070948e-01,-6.657764306141866761e-01,-4.278116083977855921e-01,1.000000000000000000e+00,1.000000000000000000e+00,1.951171279330816466e+00
-1.590482480777928309e-01,4.152903531803641690e-01,1.189409713998994311e+00,1.000000000000000000e+00,1.000000000000000000e+00,-4.106674663889295362e-01
-1.093446310751267303e+00,4.152903531803641690e-01,-1.190521647645145092e-01,1.000000000000000000e+00,1.000000000000000000e+00,1.163891697424234595e+00
-1.186831486655784751e+00,-6.657764306141866761e-01,-7.549270780886627730e-01,1.000000000000000000e+00,1.000000000000000000e+00,-4.106674663889295362e-01
-2.234894937794118241e-01,4.152903531803641690e-01,1.189409713998994311e+00,1.000000000000000000e+00,1.000000000000000000e+00,2.738450861237398559e+00
-5.027348918197606098e-01,4.152903531803641690e-01,1.189409713998994311e+00,1.000000000000000000e+00,1.000000000000000000e+00,3.525730443143980430e+00
-8.840122622210057068e-01,4.152903531803641690e-01,1.189409713998994311e+00,1.000000000000000000e+00,1.000000000000000000e+00,3.525730443143980430e+00
-5.027348918197606098e-01,4.152903531803641690e-01,1.189409713998994311e+00,1.000000000000000000e+00,1.000000000000000000e+00,2.738450861237398559e+00
-1.171642539381210213e+00,-6.657764306141866761e-01,-7.549270780886627730e-01,1.000000000000000000e+00,1.000000000000000000e+00,2.738450861237398559e+00
-3.792225042249909861e-01,4.152903531803641690e-01,6.017560485242240409e-01,1.000000000000000000e+00,1.000000000000000000e+00,1.951171279330816466e+00
-1.590482480777928309e-01,4.152903531803641690e-01,1.189409713998994311e+00,1.000000000000000000e+00,1.000000000000000000e+00,1.163891697424234595e+00
-1.088076206942798940e+00,4.152903531803641690e-01,-1.190521647645145092e-01,1.000000000000000000e+00,1.000000000000000000e+00,-4.106674663889295362e-01
-6.704072793202552338e-01,-6.657764306141866761e-01,-7.549270780886627730e-01,1.000000000000000000e+00,1.000000000000000000e+00,-4.106674663889295362e-01
-6.893934634134731843e-01,-6.657764306141866761e-01,-7.549270780886627730e-01,1.000000000000000000e+00,1.000000000000000000e+00,1.163891697424234595e+00
-5.413012274863728823e-01,-6.657764306141866761e-01,-4.278116083977855921e-01,1.000000000000000000e+00,1.000000000000000000e+00,3.766121155176524460e-01
-8.732720546040693144e-01,4.152903531803641690e-01,1.189409713998994311e+00,1.000000000000000000e+00,1.000000000000000000e+00,3.766121155176524460e-01
-6.969879370507603422e-01,-6.657764306141866761e-01,-4.278116083977855921e-01,1.000000000000000000e+00,1.000000000000000000e+00,1.951171279330816466e+00
-3.704255706474107734e-01,-6.657764306141866761e-01,-7.549270780886627730e-01,1.000000000000000000e+00,1.000000000000000000e+00,3.766121155176524460e-01
-9.248221461693763024e-01,-6.657764306141866761e-01,-4.278116083977855921e-01,1.000000000000000000e+00,1.000000000000000000e+00,-4.106674663889295362e-01
2.974105756420075686e-01,4.152903531803641690e-01,-1.190521647645145092e-01,1.000000000000000000e+00,1.000000000000000000e+00,-4.106674663889295362e-01
2.544497451742619432e-01,4.152903531803641690e-01,-1.190521647645145092e-01,1.000000000000000000e+00,1.000000000000000000e+00,2.738450861237398559e+00
2.544497451742619432e-01,4.152903531803641690e-01,-1.190521647645145092e-01,1.000000000000000000e+00,1.000000000000000000e+00,3.525730443143980430e+00
-1.091900566189694777e+00,-6.657764306141866761e-01,-5.747250247664782430e-01,1.000000000000000000e+00,1.000000000000000000e+00,-4.106674663889295362e-01
-9.699339231564977348e-01,4.152903531803641690e-01,6.017560485242240409e-01,1.000000000000000000e+00,1.000000000000000000e+00,3.525730443143980430e+00
-6.590155688643244414e-01,-6.657764306141866761e-01,-5.747250247664782430e-01,1.000000000000000000e+00,1.000000000000000000e+00,1.951171279330816466e+00
-9.699339231564977348e-01,4.152903531803641690e-01,6.017560485242240409e-01,1.000000000000000000e+00,1.000000000000000000e+00,2.738450861237398559e+00
-1.091900566189694777e+00,-6.657764306141866761e-01,-5.747250247664782430e-01,1.000000000000000000e+00,1.000000000000000000e+00,3.766121155176524460e-01
-3.684822966080544271e-01,4.152903531803641690e-01,6.017560485242240409e-01,1.000000000000000000e+00,1.000000000000000000e+00,-4.106674663889295362e-01
-4.083979388338468963e-01,-6.657764306141866761e-01,-5.747250247664782430e-01,1.000000000000000000e+00,1.000000000000000000e+00,3.766121155176524460e-01
-2.073791823540072077e-01,4.152903531803641690e-01,-1.190521647645145092e-01,1.000000000000000000e+00,1.000000000000000000e+00,1.951171279330816466e+00
-5.413012274863728823e-01,-6.657764306141866761e-01,-4.278116083977855921e-01,1.000000000000000000e+00,1.000000000000000000e+00,1.163891697424234595e+00
-1.590482480777928309e-01,4.152903531803641690e-01,1.189409713998994311e+00,1.000000000000000000e+00,1.000000000000000000e+00,1.951171279330816466e+00
-4.651441651604829586e-01,4.152903531803641690e-01,1.189409713998994311e+00,1.000000000000000000e+00,1.000000000000000000e+00,3.766121155176524460e-01
-4.812544765858876028e-01,4.152903531803641690e-01,1.189409713998994311e+00,1.000000000000000000e+00,1.000000000000000000e+00,1.951171279330816466e+00
-6.742045161388987573e-01,-6.657764306141866761e-01,-7.549270780886627730e-01,1.000000000000000000e+00,1.000000000000000000e+00,2.738450861237398559e+00
-4.083979388338468963e-01,-6.657764306141866761e-01,-5.747250247664782430e-01,1.000000000000000000e+00,1.000000000000000000e+00,-4.106674663889295362e-01
-9.216029888802833581e-01,4.152903531803641690e-01,1.189409713998994311e+00,1.000000000000000000e+00,1.000000000000000000e+00,1.163891697424234595e+00
-1.076711618915120239e+00,-6.657764306141866761e-01,-5.747250247664782430e-01,1.000000000000000000e+00,1.000000000000000000e+00,1.951171279330816466e+00
-4.501675438389263761e-01,-6.657764306141866761e-01,-7.549270780886627730e-01,1.000000000000000000e+00,1.000000000000000000e+00,3.525730443143980430e+00
-6.438266215897501255e-01,-6.657764306141866761e-01,-5.747250247664782430e-01,1.000000000000000000e+00,1.000000000000000000e+00,2.738450861237398559e+00
-6.742045161388987573e-01,-6.657764306141866761e-01,-4.278116083977855921e-01,1.000000000000000000e+00,1.000000000000000000e+00,3.525730443143980430e+00
-6.969879370507603422e-01,-6.657764306141866761e-01,-4.278116083977855921e-01,1.000000000000000000e+00,1.000000000000000000e+00,1.163891697424234595e+00
-3.792225042249909861e-01,4.152903531803641690e-01,6.017560485242240409e-01,1.000000000000000000e+00,1.000000000000000000e+00,1.163891697424234595e+00
-1.002154546007307356e+00,4.152903531803641690e-01,6.017560485242240409e-01,1.000000000000000000e+00,1.000000000000000000e+00,3.766121155176524460e-01
-6.931907002321168187e-01,-6.657764306141866761e-01,-5.747250247664782430e-01,1.000000000000000000e+00,1.000000000000000000e+00,3.766121155176524460e-01
-3.932089915592723584e-01,-6.657764306141866761e-01,-5.747250247664782430e-01,1.000000000000000000e+00,1.000000000000000000e+00,3.525730443143980430e+00
-5.413012274863728823e-01,-6.657764306141866761e-01,-4.278116083977855921e-01,1.000000000000000000e+00,1.000000000000000000e+00,-4.106674663889295362e-01
-6.855962265948295498e-01,-6.657764306141866761e-01,-4.278116083977855921e-01,1.000000000000000000e+00,1.000000000000000000e+00,3.766121155176524460e-01
-8.906470148015840360e-01,-6.657764306141866761e-01,-4.278116083977855921e-01,1.000000000000000000e+00,1.000000000000000000e+00,2.738450861237398559e+00
9.871673472868275345e-02,4.152903531803641690e-01,6.017560485242240409e-01,1.000000000000000000e+00,1.000000000000000000e+00,-4.106674663889295362e-01
-6.855962265948295498e-01,-6.657764306141866761e-01,-4.278116083977855921e-01,1.000000000000000000e+00,1.000000000000000000e+00,-4.106674663889295362e-01
-2.503400128217532217e-01,4.152903531803641690e-01,-1.190521647645145092e-01,1.000000000000000000e+00,1.000000000000000000e+00,3.766121155176524460e-01
-1.034942013910040925e+00,-6.657764306141866761e-01,-5.747250247664782430e-01,1.000000000000000000e+00,1.000000000000000000e+00,3.525730443143980430e+00
-1.186831486655784751e+00,-6.657764306141866761e-01,-7.549270780886627730e-01,1.000000000000000000e+00,1.000000000000000000e+00,3.766121155176524460e-01
-1.034942013910040925e+00,-6.657764306141866761e-01,-5.747250247664782430e-01,1.000000000000000000e+00,1.000000000000000000e+00,2.738450861237398559e+00
-8.732720546040693144e-01,4.152903531803641690e-01,1.189409713998994311e+00,1.000000000000000000e+00,1.000000000000000000e+00,-4.106674663889295362e-01
-9.248221461693763024e-01,-6.657764306141866761e-01,-4.278116083977855921e-01,1.000000000000000000e+00,1.000000000000000000e+00,3.766121155176524460e-01
-5.413012274863728823e-01,-6.657764306141866761e-01,-4.278116083977855921e-01,1.000000000000000000e+00,1.000000000000000000e+00,1.951171279330816466e+00
-6.893934634134731843e-01,-6.657764306141866761e-01,-7.549270780886627730e-01,1.000000000000000000e+00,1.000000000000000000e+00,1.951171279330816466e+00
-9.216029888802833581e-01,4.152903531803641690e-01,1.189409713998994311e+00,1.000000000000000000e+00,1.000000000000000000e+00,1.951171279330816466e+00
-8.840122622210057068e-01,4.152903531803641690e-01,1.189409713998994311e+00,1.000000000000000000e+00,1.000000000000000000e+00,2.738450861237398559e+00
-4.159924124711339988e-01,-6.657764306141866761e-01,-5.747250247664782430e-01,1.000000000000000000e+00,1.000000000000000000e+00,1.951171279330816466e+00
-6.742045161388987573e-01,-6.657764306141866761e-01,-4.278116083977855921e-01,1.000000000000000000e+00,1.000000000000000000e+00,2.738450861237398559e+00
-1.088076206942798940e+00,4.152903531803641690e-01,-1.190521647645145092e-01,1.000000000000000000e+00,1.000000000000000000e+00,3.766121155176524460e-01
-5.640846483982344672e-01,-6.657764306141866761e-01,-4.278116083977855921e-01,1.000000000000000000e+00,1.000000000000000000e+00,3.525730443143980430e+00
-9.538236117310929796e-01,4.152903531803641690e-01,6.017560485242240409e-01,0.000000000000000000e+00,1.000000000000000000e+00,-4.106674663889295362e-01
-6.893934634134731843e-01,-6.657764306141866761e-01,-5.747250247664782430e-01,0.000000000000000000e+00,1.000000000000000000e+00,-4.106674663889295362e-01
-4.544039575435463996e-01,4.152903531803641690e-01,1.189409713998994311e+00,0.000000000000000000e+00,1.000000000000000000e+00,-4.106674663889295362e-01
4.155528594283091071e-01,4.152903531803641690e-01,-1.190521647645145092e-01,0.000000000000000000e+00,1.000000000000000000e+00,-4.106674663889295362e-01
-1.053928198003258654e+00,-6.657764306141866761e-01,-5.747250247664782430e-01,0.000000000000000000e+00,1.000000000000000000e+00,-4.106674663889295362e-01
-9.699339231564977348e-01,4.152903531803641690e-01,6.017560485242240409e-01,0.000000000000000000e+00,1.000000000000000000e+00,-4.106674663889295362e-01
-4.349785965643520602e-01,-6.657764306141866761e-01,-7.549270780886627730e-01,0.000000000000000000e+00,1.000000000000000000e+00,-4.106674663889295362e-01
-4.767482015694317066e-01,-6.657764306141866761e-01,-4.278116083977855921e-01,0.000000000000000000e+00,1.000000000000000000e+00,-4.106674663889295362e-01
-9.020387252575149395e-01,-6.657764306141866761e-01,-4.278116083977855921e-01,0.000000000000000000e+00,1.000000000000000000e+00,-4.106674663889295362e-01
-8.840122622210057068e-01,4.152903531803641690e-01,1.189409713998994311e+00,0.000000000000000000e+00,1.000000000000000000e+00,-4.106674663889295362e-01
-1.644183518862612214e-01,4.152903531803641690e-01,1.189409713998994311e+00,0.000000000000000000e+00,1.000000000000000000e+00,-4.106674663889295362e-01
-1.268276252269836257e-01,4.152903531803641690e-01,1.189409713998994311e+00,0.000000000000000000e+00,1.000000000000000000e+00,-4.106674663889295362e-01
-7.159741211439785147e-01,-6.657764306141866761e-01,-7.549270780886627730e-01,0.000000000000000000e+00,1.000000000000000000e+00,-4.106674663889295362e-01
6.649611187787315969e-02,4.152903531803641690e-01,6.017560485242240409e-01,0.000000000000000000e+00,1.000000000000000000e+00,-4.106674663889295362e-01
-1.125666933602076814e+00,4.152903531803641690e-01,-1.190521647645145092e-01,0.000000000000000000e+00,1.000000000000000000e+00,-4.106674663889295362e-01
-1.179237013018497482e+00,-6.657764306141866761e-01,-7.549270780886627730e-01,0.000000000000000000e+00,1.000000000000000000e+00,-4.106674663889295362e-01
-1.061522671640545923e+00,-6.657764306141866761e-01,-5.747250247664782430e-01,0.000000000000000000e+00,1.000000000000000000e+00,-4.106674663889295362e-01
-1.104186518368203807e+00,4.152903531803641690e-01,-1.190521647645145092e-01,0.000000000000000000e+00,1.000000000000000000e+00,-4.106674663889295362e-01
-3.738524004165227899e-01,4.152903531803641690e-01,6.017560485242240409e-01,0.000000000000000000e+00,1.000000000000000000e+00,-4.106674663889295362e-01
-1.171642539381210213e+00,-6.657764306141866761e-01,-7.549270780886627730e-01,0.000000000000000000e+00,1.000000000000000000e+00,-4.106674663889295362e-01
-1.114926725985140088e+00,4.152903531803641690e-01,-1.190521647645145092e-01,0.000000000000000000e+00,1.000000000000000000e+00,-4.106674663889295362e-01
-1.061522671640545923e+00,-6.657764306141866761e-01,-5.747250247664782430e-01,0.000000000000000000e+00,1.000000000000000000e+00,-4.106674663889295362e-01
-1.122278460738843631e+00,-6.657764306141866761e-01,-7.549270780886627730e-01,0.000000000000000000e+00,1.000000000000000000e+00,-4.106674663889295362e-01
-8.840122622210057068e-01,4.152903531803641690e-01,1.189409713998994311e+00,0.000000000000000000e+00,1.000000000000000000e+00,-4.106674663889295362e-01
-8.614611847229053376e-01,-8.819897873730967452e-01,-7.376640756766967844e-01,0.000000000000000000e+00,1.000000000000000000e+00,-4.106674663889295362e-01
-8.434074871215284652e-01,-8.819897873730967452e-01,-7.374433425614568272e-01,0.000000000000000000e+00,1.000000000000000000e+00,-4.106674663889295362e-01
-1.015920597534779590e+00,-8.819897873730967452e-01,-7.375236091488167611e-01,0.000000000000000000e+00,1.000000000000000000e+00,-4.106674663889295362e-01
-8.614611847229211028e-01,-8.819897873730967452e-01,-7.376640756766967844e-01,0.000000000000000000e+00,1.000000000000000000e+00,-4.106674663889295362e-01
-6.316868516143727685e-01,-8.819897873730967452e-01,-7.373430093272568264e-01,0.000000000000000000e+00,1.000000000000000000e+00,-4.106674663889295362e-01
-9.966029447656468143e-01,-1.713636033745604900e-02,-4.943828900513046187e-02,0.000000000000000000e+00,1.000000000000000000e+00,-4.106674663889295362e-01
-7.658201524636124580e-01,-1.713636033745604900e-02,-5.096335416497063675e-02,0.000000000000000000e+00,1.000000000000000000e+00,-4.106674663889295362e-01
-8.244731213444750351e-01,-8.819897873730967452e-01,-7.376841423235368511e-01,0.000000000000000000e+00,1.000000000000000000e+00,-4.106674663889295362e-01
-8.878053426803974579e-01,-1.713636033745604900e-02,-5.000015511665055479e-02,0.000000000000000000e+00,1.000000000000000000e+00,-4.106674663889295362e-01
-9.109126172832423540e-01,-8.819897873730967452e-01,-7.365403434536567095e-01,0.000000000000000000e+00,1.000000000000000000e+00,-4.106674663889295362e-01
-1.147180572849216373e+00,-8.819897873730967452e-01,-7.365403434536567095e-01,0.000000000000000000e+00,1.000000000000000000e+00,-4.106674663889295362e-01
-5.328838883776916280e-01,-8.819897873730967452e-01,-7.375236091488167611e-01,0.000000000000000000e+00,1.000000000000000000e+00,-4.106674663889295362e-01
-8.270308724953809310e-02,-1.713636033745604900e-02,-5.008042170401051651e-02,0.000000000000000000e+00,1.000000000000000000e+00,-4.106674663889295362e-01
-8.951614202455056013e-01,-8.819897873730967452e-01,-7.369617430372967792e-01,0.000000000000000000e+00,1.000000000000000000e+00,-4.106674663889295362e-01
-8.270308724953809310e-02,-1.713636033745604900e-02,-4.430122741408984433e-02,0.000000000000000000e+00,1.000000000000000000e+00,-4.106674663889295362e-01
-6.008109256029005030e-01,-8.819897873730967452e-01,-7.376640756766967844e-01,0.000000000000000000e+00,1.000000000000000000e+00,-4.106674663889295362e-01
-1.093829744173025587e+00,-8.819897873730967452e-01,-7.367610765688966667e-01,0.000000000000000000e+00,1.000000000000000000e+00,-4.106674663889295362e-01
-3.734894055501382648e-01,-1.713636033745604900e-02,-4.871588971889045244e-02,0.000000000000000000e+00,1.000000000000000000e+00,-4.106674663889295362e-01
8.807617905393014257e-02,-1.713636033745604900e-02,-4.735135773377019408e-02,0.000000000000000000e+00,1.000000000000000000e+00,-4.106674663889295362e-01
-1.320298289812664505e+00,-1.713636033745604900e-02,-4.911722265569043455e-02,0.000000000000000000e+00,1.000000000000000000e+00,-4.106674663889295362e-01
-5.679430043648810988e-01,-8.819897873730967452e-01,-7.376841423235368511e-01,0.000000000000000000e+00,1.000000000000000000e+00,-4.106674663889295362e-01
-1.133075023263183656e+00,-8.819897873730967452e-01,-7.369617430372967792e-01,0.000000000000000000e+00,1.000000000000000000e+00,-4.106674663889295362e-01
-1.338555496774157527e+00,-1.713636033745604900e-02,-5.008042170401051651e-02,0.000000000000000000e+00,1.000000000000000000e+00,-4.106674663889295362e-01
-8.244731213444664863e-01,-8.819897873730967452e-01,-7.374433425614568272e-01,0.000000000000000000e+00,1.000000000000000000e+00,-4.106674663889295362e-01
-1.057561693151771065e+00,-8.819897873730967452e-01,-7.370018763309766907e-01,0.000000000000000000e+00,1.000000000000000000e+00,-4.106674663889295362e-01
-7.616907506099983571e-01,-8.819897873730967452e-01,-7.375236091488167611e-01,0.000000000000000000e+00,1.000000000000000000e+00,-4.106674663889295362e-01
-6.008109256029005030e-01,-8.819897873730967452e-01,-7.370018763309766907e-01,0.000000000000000000e+00,1.000000000000000000e+00,-4.106674663889295362e-01
-1.067089740453965208e+00,-8.819897873730967452e-01,-7.370018763309766907e-01,0.000000000000000000e+00,1.000000000000000000e+00,-4.106674663889295362e-01
-1.013000669481821214e+00,-1.713636033745604900e-02,-4.430122741408984433e-02,0.000000000000000000e+00,1.000000000000000000e+00,-4.106674663889295362e-01
-1.076300186179407259e+00,-8.819897873730967452e-01,-7.376640756766967844e-01,0.000000000000000000e+00,1.000000000000000000e+00,-4.106674663889295362e-01
-3.022764296398024464e-01,-1.713636033745604900e-02,-4.911722265569043455e-02,0.000000000000000000e+00,1.000000000000000000e+00,-4.106674663889295362e-01
-5.328838883776916280e-01,-8.819897873730967452e-01,-7.379048754387768083e-01,0.000000000000000000e+00,1.000000000000000000e+00,-4.106674663889295362e-01
-1.322841645634783014e-01,-1.713636033745604900e-02,-5.000015511665055479e-02,0.000000000000000000e+00,1.000000000000000000e+00,-4.106674663889295362e-01
-3.022764296397689732e-01,-1.713636033745604900e-02,-5.096335416497063675e-02,0.000000000000000000e+00,1.000000000000000000e+00,-4.106674663889295362e-01
2.708358394554085530e-02,-1.713636033745604900e-02,-4.871588971889045244e-02,0.000000000000000000e+00,1.000000000000000000e+00,-4.106674663889295362e-01
-2.635281927473965835e-01,-1.713636033745604900e-02,-4.943828900513046187e-02,0.000000000000000000e+00,1.000000000000000000e+00,-4.106674663889295362e-01
-8.951614202455199232e-01,-8.819897873730967452e-01,-7.369617430372967792e-01,0.000000000000000000e+00,1.000000000000000000e+00,-4.106674663889295362e-01
-7.813455403093775287e-01,-1.713636033745604900e-02,-4.735135773377019408e-02,0.000000000000000000e+00,1.000000000000000000e+00,-4.106674663889295362e-01
-1.057561693151771065e+00,-8.819897873730967452e-01,-7.374433425614568272e-01,0.000000000000000000e+00,1.000000000000000000e+00,-4.106674663889295362e-01
-7.836914104400161118e-01,-8.819897873730967452e-01,-7.375236091488167611e-01,0.000000000000000000e+00,1.000000000000000000e+00,-4.106674663889295362e-01
-4.950725351531766738e-01,-1.713636033745604900e-02,-4.719082455905027756e-02,0.000000000000000000e+00,1.000000000000000000e+00,-4.106674663889295362e-01
-1.176347234923967866e+00,-1.713636033745604900e-02,-5.096335416497063675e-02,0.000000000000000000e+00,1.000000000000000000e+00,-4.106674663889295362e-01
-1.037484736336438118e+00,-8.819897873730967452e-01,-7.379048754387768083e-01,0.000000000000000000e+00,1.000000000000000000e+00,-4.106674663889295362e-01
-7.836914104400161118e-01,-8.819897873730967452e-01,-7.376038757361768061e-01,0.000000000000000000e+00,1.000000000000000000e+00,-4.106674663889295362e-01
-9.880671428585895422e-01,-1.713636033745604900e-02,-4.550522622448999188e-02,0.000000000000000000e+00,1.000000000000000000e+00,-4.106674663889295362e-01
-1.188778148448935923e+00,-1.713636033745604900e-02,-4.943828900513046187e-02,0.000000000000000000e+00,1.000000000000000000e+00,-4.106674663889295362e-01
-6.173164426344754929e-01,-1.713636033745604900e-02,-5.000015511665055479e-02,0.000000000000000000e+00,1.000000000000000000e+00,-4.106674663889295362e-01
-5.717528043914499314e-01,-1.713636033745604900e-02,-4.550522622448999188e-02,0.000000000000000000e+00,1.000000000000000000e+00,-4.106674663889295362e-01
-4.954069023223872104e-01,-8.819897873730967452e-01,-7.379048754387768083e-01,0.000000000000000000e+00,1.000000000000000000e+00,-4.106674663889295362e-01
-1.322841645634995067e-01,-1.713636033745604900e-02,-4.719082455905027756e-02,0.000000000000000000e+00,1.000000000000000000e+00,-4.106674663889295362e-01
-3.022764296398024464e-01,-1.713636033745604900e-02,-4.735135773377019408e-02,0.000000000000000000e+00,1.000000000000000000e+00,-4.106674663889295362e-01
-8.614611847229211028e-01,-8.819897873730967452e-01,-7.373430093272568264e-01,0.000000000000000000e+00,1.000000000000000000e+00,-4.106674663889295362e-01
-7.963164500178071536e-01,-1.713636033745604900e-02,-5.008042170401051651e-02,0.000000000000000000e+00,1.000000000000000000e+00,-4.106674663889295362e-01
-8.045920372785514418e-01,-8.819897873730967452e-01,-7.370018763309766907e-01,0.000000000000000000e+00,1.000000000000000000e+00,-4.106674663889295362e-01
-8.878053426803974579e-01,-1.713636033745604900e-02,-4.638815868545011212e-02,0.000000000000000000e+00,1.000000000000000000e+00,-4.106674663889295362e-01
-9.967457416183848062e-01,-1.713636033745604900e-02,-4.975935535457048919e-02,0.000000000000000000e+00,1.000000000000000000e+00,-4.106674663889295362e-01
-1.241762370030765172e+00,-1.713636033745604900e-02,-4.735135773377019408e-02,0.000000000000000000e+00,1.000000000000000000e+00,-4.106674663889295362e-01
-1.140231515332574164e+00,-8.819897873730967452e-01,-7.365403434536567095e-01,0.000000000000000000e+00,1.000000000000000000e+00,-4.106674663889295362e-01
-8.760003242723274353e-01,-1.713636033745604900e-02,-4.911722265569043455e-02,0.000000000000000000e+00,1.000000000000000000e+00,-4.106674663889295362e-01
-7.140226543115842928e-01,-8.819897873730967452e-01,-7.362393437510565963e-01,0.000000000000000000e+00,1.000000000000000000e+00,-4.106674663889295362e-01
-1.322841645634783014e-01,-1.713636033745604900e-02,-4.550522622448999188e-02,0.000000000000000000e+00,1.000000000000000000e+00,-4.106674663889295362e-01
-5.328838883776755297e-01,-8.819897873730967452e-01,-7.375236091488167611e-01,0.000000000000000000e+00,1.000000000000000000e+00,-4.106674663889295362e-01
-6.316868516143462342e-01,-8.819897873730967452e-01,-7.376640756766967844e-01,0.000000000000000000e+00,1.000000000000000000e+00,-4.106674663889295362e-01
2.708358394554085530e-02,-1.713636033745604900e-02,-5.000015511665055479e-02,0.000000000000000000e+00,1.000000000000000000e+00,-4.106674663889295362e-01
-1.015920597534784475e+00,-8.819897873730967452e-01,-7.375236091488167611e-01,0.000000000000000000e+00,1.000000000000000000e+00,-4.106674663889295362e-01
-1.110263704792027850e+00,-8.819897873730967452e-01,-7.373430093272568264e-01,0.000000000000000000e+00,1.000000000000000000e+00,-4.106674663889295362e-01
-1.322841645634783014e-01,-1.713636033745604900e-02,-4.943828900513046187e-02,0.000000000000000000e+00,1.000000000000000000e+00,-4.106674663889295362e-01
-7.616907506099882541e-01,-8.819897873730967452e-01,-7.376038757361768061e-01,0.000000000000000000e+00,1.000000000000000000e+00,-4.106674663889295362e-01
-1.787664245452961487e-01,-1.713636033745604900e-02,-4.550522622448999188e-02,0.000000000000000000e+00,1.000000000000000000e+00,-4.106674663889295362e-01
-9.259935506172322084e-01,-8.819897873730967452e-01,-7.362393437510565963e-01,0.000000000000000000e+00,1.000000000000000000e+00,-4.106674663889295362e-01
-9.966029447656468143e-01,-1.713636033745604900e-02,-5.096335416497063675e-02,0.000000000000000000e+00,1.000000000000000000e+00,-4.106674663889295362e-01
-1.118101439856478585e+00,-8.819897873730967452e-01,-7.369617430372967792e-01,0.000000000000000000e+00,1.000000000000000000e+00,-4.106674663889295362e-01
-1.070783128005586837e+00,-1.713636033745604900e-02,-4.719082455905027756e-02,0.000000000000000000e+00,1.000000000000000000e+00,-4.106674663889295362e-01
-5.328838883776916280e-01,-8.819897873730967452e-01,-7.376038757361768061e-01,0.000000000000000000e+00,1.000000000000000000e+00,-4.106674663889295362e-01
-1.184712692453347760e+00,-1.713636033745604900e-02,-5.000015511665055479e-02,0.000000000000000000e+00,1.000000000000000000e+00,-4.106674663889295362e-01
-9.259935506172322084e-01,-8.819897873730967452e-01,-7.365403434536567095e-01,0.000000000000000000e+00,1.000000000000000000e+00,-4.106674663889295362e-01
-6.590831110239158130e-01,-1.713636033745604900e-02,-4.975935535457048919e-02,0.000000000000000000e+00,1.000000000000000000e+00,-4.106674663889295362e-01
-5.838291662965954254e-01,-8.819897873730967452e-01,-7.374433425614568272e-01,0.000000000000000000e+00,1.000000000000000000e+00,-4.106674663889295362e-01
-2.635281927474318886e-01,-1.713636033745604900e-02,-4.719082455905027756e-02,0.000000000000000000e+00,1.000000000000000000e+00,-4.106674663889295362e-01
-9.926976788253006889e-01,-8.819897873730967452e-01,-7.376038757361768061e-01,0.000000000000000000e+00,1.000000000000000000e+00,-4.106674663889295362e-01
-4.950725351531766738e-01,-1.713636033745604900e-02,-4.430122741408984433e-02,0.000000000000000000e+00,1.000000000000000000e+00,-4.106674663889295362e-01
-1.047699328400383934e+00,-8.819897873730967452e-01,-7.376841423235368511e-01,0.000000000000000000e+00,1.000000000000000000e+00,-4.106674663889295362e-01
-5.244313600141789489e-02,-1.713636033745604900e-02,-4.975935535457048919e-02,0.000000000000000000e+00,1.000000000000000000e+00,-4.106674663889295362e-01
-4.950725351531646279e-01,-1.713636033745604900e-02,-5.096335416497063675e-02,0.000000000000000000e+00,1.000000000000000000e+00,-4.106674663889295362e-01
-1.322841645634783014e-01,-1.713636033745604900e-02,-4.871588971889045244e-02,0.000000000000000000e+00,1.000000000000000000e+00,-4.106674663889295362e-01
-2.224315778615107708e-01,-1.713636033745604900e-02,-4.430122741408984433e-02,0.000000000000000000e+00,1.000000000000000000e+00,-4.106674663889295362e-01
-1.043336460206811589e+00,-1.713636033745604900e-02,-4.871588971889045244e-02,0.000000000000000000e+00,1.000000000000000000e+00,-4.106674663889295362e-01
-5.328838883776595425e-01,-8.819897873730967452e-01,-7.374433425614568272e-01,0.000000000000000000e+00,1.000000000000000000e+00,-4.106674663889295362e-01
-8.614611847229211028e-01,-8.819897873730967452e-01,-7.367610765688966667e-01,0.000000000000000000e+00,1.000000000000000000e+00,-4.106674663889295362e-01
-1.085208650077807535e+00,-8.819897873730967452e-01,-7.376640756766967844e-01,0.000000000000000000e+00,1.000000000000000000e+00,-4.106674663889295362e-01
-5.950408861600972044e-01,-1.713636033745604900e-02,-4.430122741408984433e-02,0.000000000000000000e+00,1.000000000000000000e+00,-4.106674663889295362e-01
-3.388719867048203271e-01,-1.713636033745604900e-02,-5.008042170401051651e-02,0.000000000000000000e+00,1.000000000000000000e+00,-4.106674663889295362e-01
-7.658201524636055746e-01,-1.713636033745604900e-02,-4.911722265569043455e-02,0.000000000000000000e+00,1.000000000000000000e+00,-4.106674663889295362e-01
-6.786878737373180925e-01,-1.713636033745604900e-02,-4.943828900513046187e-02,0.000000000000000000e+00,1.000000000000000000e+00,-4.106674663889295362e-01
-8.878053426803974579e-01,-1.713636033745604900e-02,-4.871588971889045244e-02,0.000000000000000000e+00,1.000000000000000000e+00,-4.106674663889295362e-01
-9.926976788253006889e-01,-8.819897873730967452e-01,-7.376038757361768061e-01,0.000000000000000000e+00,1.000000000000000000e+00,-4.106674663889295362e-01
-5.950408861600972044e-01,-1.713636033745604900e-02,-4.719082455905027756e-02,0.000000000000000000e+00,1.000000000000000000e+00,-4.106674663889295362e-01
-6.607465466839680390e-01,-8.819897873730967452e-01,-7.373430093272568264e-01,0.000000000000000000e+00,1.000000000000000000e+00,-4.106674663889295362e-01
-5.717528043914396063e-01,-1.713636033745604900e-02,-4.638815868545011212e-02,0.000000000000000000e+00,1.000000000000000000e+00,-4.106674663889295362e-01
-3.388719867048360368e-01,-1.713636033745604900e-02,-4.735135773377019408e-02,0.000000000000000000e+00,1.000000000000000000e+00,-4.106674663889295362e-01
2.708358394551469567e-02,-1.713636033745604900e-02,-4.911722265569043455e-02,0.000000000000000000e+00,1.000000000000000000e+00,-4.106674663889295362e-01
-5.668474069902910140e-01,-8.819897873730967452e-01,-7.370018763309766907e-01,0.000000000000000000e+00,1.000000000000000000e+00,-4.106674663889295362e-01
-5.679430043648810988e-01,-8.819897873730967452e-01,-7.376841423235368511e-01,0.000000000000000000e+00,1.000000000000000000e+00,-4.106674663889295362e-01
-4.669564364324678141e-01,-1.713636033745604900e-02,-4.943828900513046187e-02,0.000000000000000000e+00,1.000000000000000000e+00,-4.106674663889295362e-01
-2.224315778615107708e-01,-1.713636033745604900e-02,-4.975935535457048919e-02,0.000000000000000000e+00,1.000000000000000000e+00,-4.106674663889295362e-01
2.708358394554085530e-02,-1.713636033745604900e-02,-5.096335416497063675e-02,0.000000000000000000e+00,1.000000000000000000e+00,-4.106674663889295362e-01
2.708358394554085530e-02,-1.713636033745604900e-02,-4.638815868545011212e-02,0.000000000000000000e+00,1.000000000000000000e+00,-4.106674663889295362e-01
-8.434074871215366809e-01,-8.819897873730967452e-01,-7.376841423235368511e-01,0.000000000000000000e+00,1.000000000000000000e+00,-4.106674663889295362e-01
-8.951614202455056013e-01,-8.819897873730967452e-01,-7.373430093272568264e-01,0.000000000000000000e+00,1.000000000000000000e+00,-4.106674663889295362e-01
-7.836914104400161118e-01,-8.819897873730967452e-01,-7.379048754387768083e-01,0.000000000000000000e+00,1.000000000000000000e+00,-4.106674663889295362e-01
-8.434074871215448965e-01,-8.819897873730967452e-01,-7.370018763309766907e-01,0.000000000000000000e+00,1.000000000000000000e+00,-4.106674663889295362e-01
-1.102177152741403932e+00,-8.819897873730967452e-01,-7.373430093272568264e-01,0.000000000000000000e+00,1.000000000000000000e+00,-4.106674663889295362e-01
-5.950408861600972044e-01,-1.713636033745604900e-02,-4.871588971889045244e-02,0.000000000000000000e+00,1.000000000000000000e+00,-4.106674663889295362e-01
-4.954069023223872104e-01,-8.819897873730967452e-01,-7.376038757361768061e-01,0.000000000000000000e+00,1.000000000000000000e+00,-4.106674663889295362e-01
-6.881456877496111568e-01,-8.819897873730967452e-01,-7.362393437510565963e-01,0.000000000000000000e+00,1.000000000000000000e+00,-4.106674663889295362e-01
1.059489993196587765e+00,6.675392693990928050e-01,-5.718868239581653690e-01,0.000000000000000000e+00,0.000000000000000000e+00,-4.106674663889295362e-01
7.725628028800447522e-01,-1.583957534199440798e-01,1.565863216543955910e-04,0.000000000000000000e+00,0.000000000000000000e+00,-4.106674663889295362e-01
1.699271819586109400e+00,1.634733685300617578e+00,1.207374647748120422e+00,0.000000000000000000e+00,0.000000000000000000e+00,-4.106674663889295362e-01
1.015712500888887870e+00,5.181118161723792248e-01,-4.773187756366385481e-01,0.000000000000000000e+00,0.000000000000000000e+00,-4.106674663889295362e-01
5.359448049348921606e-01,7.352861211835510780e-01,1.168073807943042386e+00,0.000000000000000000e+00,0.000000000000000000e+00,-4.106674663889295362e-01
1.291961931981515876e+00,-1.317294394196785456e-01,-5.914032154550673270e-02,0.000000000000000000e+00,0.000000000000000000e+00,-4.106674663889295362e-01
1.002812624192110480e+00,8.333028429142572691e-01,-5.665926105330958418e-01,0.000000000000000000e+00,0.000000000000000000e+00,-4.106674663889295362e-01
-3.098928799539582557e-01,-7.464960838041796443e-01,-4.594137715956492785e-01,0.000000000000000000e+00,0.000000000000000000e+00,-4.106674663889295362e-01
7.137362630391956841e-01,-1.535910121586349375e-01,-4.985299794645730587e-01,0.000000000000000000e+00,0.000000000000000000e+00,-4.106674663889295362e-01
1.660846484667820366e+00,4.570916021537536622e-01,1.034095428784532533e+00,0.000000000000000000e+00,0.000000000000000000e+00,-4.106674663889295362e-01
1.430207487431089497e+00,2.427515993416622386e+00,3.236488213613432308e+00,0.000000000000000000e+00,0.000000000000000000e+00,-4.106674663889295362e-01
2.788748231935429978e+00,1.819235749734887886e+00,2.190861740215404918e+00,0.000000000000000000e+00,0.000000000000000000e+00,-4.106674663889295362e-01
1.063401486414917940e+00,1.228252574593866608e+00,6.071576921409741479e-01,0.000000000000000000e+00,0.000000000000000000e+00,-4.106674663889295362e-01
1.282392814834070860e+00,-3.227179045567159510e-01,-6.232724680494216019e-01,0.000000000000000000e+00,0.000000000000000000e+00,-4.106674663889295362e-01
5.686307980984344201e-01,-1.093873925545912201e-01,-7.963455862470697477e-01,0.000000000000000000e+00,0.000000000000000000e+00,-4.106674663889295362e-01
-9.132752968388980763e-01,-1.364938355253582536e+00,-7.028654708749159097e-01,0.000000000000000000e+00,0.000000000000000000e+00,-4.106674663889295362e-01
-1.098352947326929063e-01,-1.093782782171602630e+00,-7.934773505877458222e-01,0.000000000000000000e+00,0.000000000000000000e+00,-4.106674663889295362e-01
1.586397398263633907e+00,5.897024609658850780e-01,1.150568124136061021e+00,0.000000000000000000e+00,0.000000000000000000e+00,-4.106674663889295362e-01
1.646885578579363740e-01,-5.446969508291971129e-01,-5.105009989528890291e-01,0.000000000000000000e+00,0.000000000000000000e+00,-4.106674663889295362e-01
1.295805802944068885e+00,8.044743953464023045e-01,1.187975413154070070e+00,0.000000000000000000e+00,0.000000000000000000e+00,-4.106674663889295362e-01
9.245210042960952945e-01,8.866354709147882263e-01,1.050866878612855437e+00,0.000000000000000000e+00,0.000000000000000000e+00,-4.106674663889295362e-01
1.550373646777737147e+00,1.757254587463999984e+00,-1.813129912050475134e-01,0.000000000000000000e+00,0.000000000000000000e+00,-4.106674663889295362e-01
-2.606604195898995502e-01,-2.189354933124389724e-01,1.350259219162569524e-01,0.000000000000000000e+00,0.000000000000000000e+00,-4.106674663889295362e-01
1.339034304727144686e+00,8.044743953464023045e-01,1.186294403781876561e+00,0.000000000000000000e+00,0.000000000000000000e+00,-4.106674663889295362e-01
8.750483855887973839e-01,6.574493127503437950e-01,1.097220229002423109e+00,0.000000000000000000e+00,0.000000000000000000e+00,-4.106674663889295362e-01
-6.527416411928847750e-02,-1.037663404239512088e+00,-6.938227997693228177e-01,0.000000000000000000e+00,0.000000000000000000e+00,-4.106674663889295362e-01
1.694468652721323076e+00,1.634733685300617578e+00,1.206833633237529346e+00,0.000000000000000000e+00,0.000000000000000000e+00,-4.106674663889295362e-01
-6.476805812882994173e-01,-1.026852736401566490e+00,-7.147388071877085469e-01,0.000000000000000000e+00,0.000000000000000000e+00,-4.106674663889295362e-01
6.949296281593149160e-01,5.680811252899939934e-01,-1.860275462259122492e-01,0.000000000000000000e+00,0.000000000000000000e+00,-4.106674663889295362e-01
6.315278255441372224e-01,3.071836748009090234e-01,-2.793537745248746498e-02,0.000000000000000000e+00,0.000000000000000000e+00,-4.106674663889295362e-01
-6.751910313645123063e-01,-9.713579748334463249e-01,-7.011603090692137830e-01,0.000000000000000000e+00,0.000000000000000000e+00,-4.106674663889295362e-01
1.396672307104579014e+00,-4.913643228286657672e-01,-5.635590648844246431e-01,0.000000000000000000e+00,0.000000000000000000e+00,-4.106674663889295362e-01
8.784106023941476993e-01,6.747463812910565739e-01,1.219914591225748302e+00,0.000000000000000000e+00,0.000000000000000000e+00,-4.106674663889295362e-01
-2.157230664462213843e-01,-7.993482376785800980e-01,-7.930823241196952589e-01,0.000000000000000000e+00,0.000000000000000000e+00,-4.106674663889295362e-01
1.717477426388382133e-01,-5.706425536402662813e-01,-4.945711272521527979e-01,0.000000000000000000e+00,0.000000000000000000e+00,-4.106674663889295362e-01
7.962764490063037881e-01,-7.580274628313217189e-01,-5.764661253513823080e-01,0.000000000000000000e+00,0.000000000000000000e+00,-4.106674663889295362e-01
2.605345231427343311e+00,4.771268780683207922e+00,5.917001346955158558e-01,0.000000000000000000e+00,0.000000000000000000e+00,-4.106674663889295362e-01
-9.169778159989808164e-02,-7.601895963989108163e-01,-5.022167142594635703e-01,0.000000000000000000e+00,0.000000000000000000e+00,-4.106674663889295362e-01
5.131924848906598280e-01,-1.099644566510399768e+00,-8.672807467408735205e-01,0.000000000000000000e+00,0.000000000000000000e+00,-4.106674663889295362e-01
2.931395010108385879e+00,4.494515684031802571e+00,6.372226413723903748e-01,0.000000000000000000e+00,0.000000000000000000e+00,-4.106674663889295362e-01
1.281396302349710359e+00,8.131229296167592491e-01,7.791024715528849232e-02,0.000000000000000000e+00,0.000000000000000000e+00,-4.106674663889295362e-01
-1.946168751990892953e-01,-7.392889719122159864e-01,-5.064820340170698154e-01,0.000000000000000000e+00,0.000000000000000000e+00,-4.106674663889295362e-01
1.552763114834004865e-01,-2.765923884481484851e-01,-5.117891287400105904e-01,0.000000000000000000e+00,0.000000000000000000e+00,-4.106674663889295362e-01
1.227488044315944826e+00,-2.554515268983881260e-01,-6.209452469006886410e-01,0.000000000000000000e+00,0.000000000000000000e+00,-4.106674663889295362e-01
9.456549385011548958e-01,6.459179337232017204e-01,1.222851527140385253e+00,0.000000000000000000e+00,0.000000000000000000e+00,-4.106674663889295362e-01
9.595841224090347898e-01,6.358279770744527104e-01,7.932074927218647764e-02,0.000000000000000000e+00,0.000000000000000000e+00,-4.106674663889295362e-01
1.533456584013419777e+00,2.194005568116998095e+00,3.384339750579241191e+00,0.000000000000000000e+00,0.000000000000000000e+00,-4.106674663889295362e-01
-6.745117609922601787e-01,-9.526194839143408144e-01,-7.107729776056082027e-01,0.000000000000000000e+00,0.000000000000000000e+00,-4.106674663889295362e-01
2.155572671740798807e+00,7.122233631292673728e-01,-1.792455428967173470e-01,0.000000000000000000e+00,0.000000000000000000e+00,-4.106674663889295362e-01
5.330629048160202554e-01,8.809242473613192181e-03,1.258673191298228244e-01,0.000000000000000000e+00,0.000000000000000000e+00,-4.106674663889295362e-01
-2.157230664462213843e-01,-8.310595300032203037e-01,-5.030126711237558057e-01,0.000000000000000000e+00,0.000000000000000000e+00,-4.106674663889295362e-01
4.139435015680204000e-01,4.232231277124418045e-02,7.314134915902904821e-02,0.000000000000000000e+00,0.000000000000000000e+00,-4.106674663889295362e-01
1.092151527877133876e+00,6.473593561015943409e-01,-5.718868239581653690e-01,0.000000000000000000e+00,0.000000000000000000e+00,-4.106674663889295362e-01
1.190136131918772211e+00,8.131229296167592491e-01,7.781363742125430027e-02,0.000000000000000000e+00,0.000000000000000000e+00,-4.106674663889295362e-01
2.040296666985929264e+00,-3.126279479079664969e-01,1.206117495983670823e-01,0.000000000000000000e+00,0.000000000000000000e+00,-4.106674663889295362e-01
1.695122932609435251e+00,1.807704370707745811e+00,2.123698653114888479e+00,0.000000000000000000e+00,0.000000000000000000e+00,-4.106674663889295362e-01
1.500443189177485204e+00,3.439399454499235120e-01,1.441899607602633582e+00,0.000000000000000000e+00,0.000000000000000000e+00,-4.106674663889295362e-01
1.656043317803034043e+00,5.291627210733905740e-01,8.009362714445944498e-02,0.000000000000000000e+00,0.000000000000000000e+00,-4.106674663889295362e-01
1.387065973375006589e+00,4.729472483160734320e-01,1.184420174941614556e+00,0.000000000000000000e+00,0.000000000000000000e+00,-4.106674663889295362e-01
2.251636009036522612e+00,1.486272131777083838e-01,-5.718095361709379931e-01,0.000000000000000000e+00,0.000000000000000000e+00,-4.106674663889295362e-01
1.804461173924927220e+00,-1.987555800149407581e-01,2.728552129940401295e-03,0.000000000000000000e+00,0.000000000000000000e+00,-4.106674663889295362e-01
5.647638061236091023e-01,4.916906906860963461e-02,5.808592973148805905e-02,0.000000000000000000e+00,0.000000000000000000e+00,-4.106674663889295362e-01
1.439900808887654815e+00,4.974514287487500908e-01,1.185270340601114913e+00,0.000000000000000000e+00,0.000000000000000000e+00,-4.106674663889295362e-01
7.194257791697248328e-01,1.486272131777083838e-01,-2.042094981711325419e-01,0.000000000000000000e+00,0.000000000000000000e+00,-4.106674663889295362e-01
2.972151232443515312e+00,5.232523941768882914e+00,3.440914410829618575e+00,0.000000000000000000e+00,0.000000000000000000e+00,-4.106674663889295362e-01
2.544210897924648052e+00,3.672904928347944242e+00,3.357598176198598683e+00,0.000000000000000000e+00,0.000000000000000000e+00,-4.106674663889295362e-01
5.164712661062146326e-01,-2.689048024300539352e-01,-4.619032341897794103e-02,0.000000000000000000e+00,0.000000000000000000e+00,-4.106674663889295362e-01
1.603371561086109898e-01,2.769138048546617714e-01,5.684932513585157915e-02,0.000000000000000000e+00,0.000000000000000000e+00,-4.106674663889295362e-01
1.151710797000482511e+00,3.671468457420470899e-01,1.132038377148317787e+00,0.000000000000000000e+00,0.000000000000000000e+00,-4.106674663889295362e-01
9.176682678208060162e-01,-4.543678151165854162e-01,-7.887971456945376270e-01,0.000000000000000000e+00,0.000000000000000000e+00,-4.106674663889295362e-01
1.415884974563723864e+00,4.592537357213425375e-01,8.397733845263076480e-02,0.000000000000000000e+00,0.000000000000000000e+00,-4.106674663889295362e-01
1.579192647966454643e+00,1.643382219570973968e+00,8.757122055869988320e-02,0.000000000000000000e+00,0.000000000000000000e+00,-4.106674663889295362e-01
9.409671004891775881e-02,-4.399535913326582115e-01,-7.881273182052344062e-01,0.000000000000000000e+00,0.000000000000000000e+00,-4.106674663889295362e-01
1.539268705472445653e+00,3.374535447471564420e-01,1.333909246899300571e+00,0.000000000000000000e+00,0.000000000000000000e+00,-4.106674663889295362e-01
9.547809555442485774e-01,6.358279770744527104e-01,7.984244183597080657e-02,0.000000000000000000e+00,0.000000000000000000e+00,-4.106674663889295362e-01
7.280714795263397709e-01,6.675392693990928050e-01,-1.860661901195257983e-01,0.000000000000000000e+00,0.000000000000000000e+00,-4.106674663889295362e-01
2.477547930477195237e-01,1.616000145832427737e-01,-7.736091738434022758e-02,0.000000000000000000e+00,0.000000000000000000e+00,-4.106674663889295362e-01
2.170612193185955441e+00,9.716793912399598332e-01,3.371278114537829218e+00,0.000000000000000000e+00,0.000000000000000000e+00,-4.106674663889295362e-01
1.773918295790687383e+00,1.990769964214542942e-01,6.630367623063058158e-01,0.000000000000000000e+00,0.000000000000000000e+00,-4.106674663889295362e-01
7.885913820226460036e-01,5.623154357764231781e-01,9.101451400187636764e-01,0.000000000000000000e+00,0.000000000000000000e+00,-4.106674663889295362e-01
8.784505745935732302e-01,-4.543678151165854162e-01,-7.888400833541082680e-01,0.000000000000000000e+00,0.000000000000000000e+00,-4.106674663889295362e-01
1.190136131918772211e+00,8.131229296167592491e-01,7.789092520848162060e-02,0.000000000000000000e+00,0.000000000000000000e+00,-4.106674663889295362e-01
5.215695662257550103e-01,-1.612785981767294596e-01,-7.937435640770842404e-01,0.000000000000000000e+00,0.000000000000000000e+00,-4.106674663889295362e-01
6.099135746525995438e-01,-4.884765266209631362e-02,8.809291312248403172e-02,0.000000000000000000e+00,0.000000000000000000e+00,-4.106674663889295362e-01
7.194257791697248328e-01,-3.443342887816887993e-02,-2.046345810008826926e-01,0.000000000000000000e+00,0.000000000000000000e+00,-4.106674663889295362e-01
9.201981541177878254e-01,6.718635365342709997e-01,1.222812883246771731e+00,0.000000000000000000e+00,0.000000000000000000e+00,-4.106674663889295362e-01
1.555176813642523914e+00,1.757254587463999984e+00,-1.809072303221041511e-01,0.000000000000000000e+00,0.000000000000000000e+00,-4.106674663889295362e-01
1.635352053879166156e+00,6.449569854709398253e-01,-6.206446832836935990e-01,0.000000000000000000e+00,0.000000000000000000e+00,-4.106674663889295362e-01
2.386124681250536561e+00,1.712570493733825305e+00,-1.815255326199224917e-01,0.000000000000000000e+00,0.000000000000000000e+00,-4.106674663889295362e-01
-9.373559271665438120e-02,-1.098923855321203291e+00,-7.154730411663678957e-01,0.000000000000000000e+00,0.000000000000000000e+00,-4.106674663889295362e-01
2.686857676097604397e+00,2.609135213094106120e+00,6.535303644773488019e-01,0.000000000000000000e+00,0.000000000000000000e+00,-4.106674663889295362e-01
-2.551367776953953892e-01,-7.522617733177505706e-01,-4.595490252232970474e-01,0.000000000000000000e+00,0.000000000000000000e+00,-4.106674663889295362e-01
5.393070217402420319e-01,6.747463812910565739e-01,1.168286349357917864e+00,0.000000000000000000e+00,0.000000000000000000e+00,-4.106674663889295362e-01
2.143135210997046125e-01,-5.677597088834807071e-01,-4.212529266521740090e-01,0.000000000000000000e+00,0.000000000000000000e+00,-4.106674663889295362e-01
-3.019319618119448156e-01,-1.230597789587379642e+00,-8.687540451848938527e-01,0.000000000000000000e+00,0.000000000000000000e+00,-4.106674663889295362e-01
1.785728823152260780e+00,1.630409418165439384e+00,-1.866458485237305620e-01,0.000000000000000000e+00,0.000000000000000000e+00,-4.106674663889295362e-01
-5.654888662457867587e-01,-1.072257541320937646e+00,-7.404659793609932317e-01,0.000000000000000000e+00,0.000000000000000000e+00,-4.106674663889295362e-01
7.290321128992969246e-01,5.061049144700244945e-02,-2.068179609900537286e-01,0.000000000000000000e+00,0.000000000000000000e+00,-4.106674663889295362e-01
6.017481909824626829e-01,-2.823580779617192449e-01,-1.348378646298918366e-03,0.000000000000000000e+00,0.000000000000000000e+00,-4.106674663889295362e-01
5.979056574906336241e-01,-3.846990668276034087e-01,1.162643115668318683e-01,0.000000000000000000e+00,0.000000000000000000e+00,-4.106674663889295362e-01
1.735572987645745968e-01,-1.006672823104068248e+00,-6.994358253167048955e-01,0.000000000000000000e+00,0.000000000000000000e+00,-4.106674663889295362e-01
9.389305048904539319e-01,4.253803098291136786e-01,1.103171388618924276e+00,0.000000000000000000e+00,0.000000000000000000e+00,-4.106674663889295362e-01
-6.032562989430075850e-01,-1.130635147645843386e+00,-7.028123355211971512e-01,0.000000000000000000e+00,0.000000000000000000e+00,-4.106674663889295362e-01
2.394771416029171540e+00,5.342072042526731401e+00,3.445860829212165299e+00,0.000000000000000000e+00,0.000000000000000000e+00,-4.106674663889295362e-01
-2.606604195898995502e-01,-2.189354933124389724e-01,1.351998194375182705e-01,0.000000000000000000e+00,0.000000000000000000e+00,-4.106674663889295362e-01
-3.834444064822052356e-01,-1.099356282034721133e+00,-6.925910256603878823e-01,0.000000000000000000e+00,0.000000000000000000e+00,-4.106674663889295362e-01
-6.302641098351977611e-01,-8.589270293188130401e-01,9.800507183438424141e-02,0.000000000000000000e+00,0.000000000000000000e+00,-4.106674663889295362e-01
-4.822447777575923633e-02,-7.652345747232853768e-01,-5.072549118893427966e-01,0.000000000000000000e+00,0.000000000000000000e+00,-4.106674663889295362e-01
-6.480202164744253146e-01,-1.017483490942013846e+00,-7.108164519859234698e-01,0.000000000000000000e+00,0.000000000000000000e+00,-4.106674663889295362e-01
6.238427585604794379e-01,-3.846990668276034087e-01,1.157232970562408481e-01,0.000000000000000000e+00,0.000000000000000000e+00,-4.106674663889295362e-01
1.254708646307039210e-01,-4.399535913326582115e-01,-7.880586179499212696e-01,0.000000000000000000e+00,0.000000000000000000e+00,-4.106674663889295362e-01
2.054869246376010150e-01,6.646613760932246207e-02,8.500140163339255095e-02,0.000000000000000000e+00,0.000000000000000000e+00,-4.106674663889295362e-01
5.639246749111662682e-01,1.148253632593069007e+00,1.401033690106203489e+00,0.000000000000000000e+00,0.000000000000000000e+00,-4.106674663889295362e-01
2.530625490479605499e+00,4.771268780683207922e+00,5.905408178871064395e-01,0.000000000000000000e+00,0.000000000000000000e+00,-4.106674663889295362e-01
2.775162824490386537e+00,2.563009696985538710e+00,3.477170111817940779e+00,0.000000000000000000e+00,0.000000000000000000e+00,-4.106674663889295362e-01
1.100761356888786624e+00,-1.031897714725941162e+00,-8.682275221344079030e-01,0.000000000000000000e+00,0.000000000000000000e+00,-4.106674663889295362e-01
1.803500024870962060e-01,-5.807325102890152912e-01,-6.961655858196501567e-01,0.000000000000000000e+00,0.000000000000000000e+00,-4.106674663889295362e-01
1.242970967431420437e+00,8.044743953464023045e-01,1.186835418292467637e+00,0.000000000000000000e+00,0.000000000000000000e+00,-4.106674663889295362e-01
6.117702606483905736e-01,-4.284222123055164144e-01,-6.236159693259873960e-01,0.000000000000000000e+00,0.000000000000000000e+00,-4.106674663889295362e-01
1.701193086332023707e+00,-2.146112261772605279e-01,1.144094046733768744e-01,0.000000000000000000e+00,0.000000000000000000e+00,-4.106674663889295362e-01
5.004013701354738108e-01,7.079040474450067066e-02,9.408271663259917816e-02,0.000000000000000000e+00,0.000000000000000000e+00,-4.106674663889295362e-01
5.758110899126172022e-01,5.882610385874924575e-01,9.589897963244041479e-02,0.000000000000000000e+00,0.000000000000000000e+00,-4.106674663889295362e-01
2.775344276093944518e-01,-4.884765266209631362e-02,-5.845813430102478891e-01,0.000000000000000000e+00,0.000000000000000000e+00,-4.106674663889295362e-01
1.800138323746619529e+00,3.648405699366185084e-01,-5.817989826700654676e-01,0.000000000000000000e+00,0.000000000000000000e+00,-4.106674663889295362e-01
1.079663294028689879e+00,1.055281889186738375e+00,1.199414005663709260e+00,0.000000000000000000e+00,0.000000000000000000e+00,-4.106674663889295362e-01
7.176580323619186075e-01,-8.454737537871476194e-01,-4.909214261886418185e-01,0.000000000000000000e+00,0.000000000000000000e+00,-4.106674663889295362e-01
4.345062872612982519e-01,-1.670442876903007190e-01,-3.801499303671356661e-02,0.000000000000000000e+00,0.000000000000000000e+00,-4.106674663889295362e-01
1.706956886569767518e+00,-2.722681213129700128e-01,4.423209387099608092e-02,0.000000000000000000e+00,0.000000000000000000e+00,-4.106674663889295362e-01
4.821493360492864477e-01,-3.558706192597485551e-01,7.740787653831103510e-02,0.000000000000000000e+00,0.000000000000000000e+00,-4.106674663889295362e-01
1.538890746991437020e+00,2.865708396448012341e+00,7.569318853362624111e+00,0.000000000000000000e+00,0.000000000000000000e+00,-4.106674663889295362e-01
2.431239443124020017e-01,-3.842185927014724611e-01,-7.973073898214537714e-01,0.000000000000000000e+00,0.000000000000000000e+00,-4.106674663889295362e-01
9.409671004891775881e-02,-4.111251437648033580e-01,-4.739954007858649399e-01,0.000000000000000000e+00,0.000000000000000000e+00,-4.106674663889295362e-01
7.285517962128185143e-01,-6.009124235865135333e-01,-5.585160367678437821e-01,0.000000000000000000e+00,0.000000000000000000e+00,-4.106674663889295362e-01
-1.959657837406060532e-01,-7.926215999127473877e-01,-5.001396049777301345e-01,0.000000000000000000e+00,0.000000000000000000e+00,-4.106674663889295362e-01
1.334394216658079668e-01,-3.702848430436759819e-01,7.721465707024284530e-02,0.000000000000000000e+00,0.000000000000000000e+00,-4.106674663889295362e-01
1.254708646307039210e-01,-4.111251437648033580e-01,-4.740211633816074355e-01,0.000000000000000000e+00,0.000000000000000000e+00,-4.106674663889295362e-01
2.482351097341982948e-01,1.616000145832427737e-01,-7.770871242686304414e-02,0.000000000000000000e+00,0.000000000000000000e+00,-4.106674663889295362e-01
2.245331934133693697e+00,5.209461183714598320e+00,3.283479188247625746e+00,0.000000000000000000e+00,0.000000000000000000e+00,-4.106674663889295362e-01
-1.450205058216934573e-01,-7.673967082908743631e-01,-5.047913636714728147e-01,0.000000000000000000e+00,0.000000000000000000e+00,-4.106674663889295362e-01
5.369054383078493142e-01,6.387108218312383956e-01,1.137081405264898759e+00,0.000000000000000000e+00,0.000000000000000000e+00,-4.106674663889295362e-01
2.823375944741803312e-01,-8.185672027238164450e-01,-5.672109128309141823e-01,0.000000000000000000e+00,0.000000000000000000e+00,-4.106674663889295362e-01
2.357305680061818176e+00,1.111497361944055129e+00,-5.689305660967213241e-01,0.000000000000000000e+00,0.000000000000000000e+00,-4.106674663889295362e-01
4.878423500503347165e-01,-2.006774765194644927e-01,3.540995556797367884e-04,0.000000000000000000e+00,0.000000000000000000e+00,-4.106674663889295362e-01
1.372656472780648285e+00,6.026752623714196622e-01,-5.675007420330164809e-01,0.000000000000000000e+00,0.000000000000000000e+00,-4.106674663889295362e-01
1.483129310670730394e+00,1.758696009842392494e+00,-1.811197717369791294e-01,0.000000000000000000e+00,0.000000000000000000e+00,-4.106674663889295362e-01
-2.917429062281622354e-01,-7.630724411556960574e-01,-4.976277518928432508e-01,0.000000000000000000e+00,0.000000000000000000e+00,-4.106674663889295362e-01
1.910774240432427107e-01,1.226816103666393959e-01,7.835465193184532051e-02,0.000000000000000000e+00,0.000000000000000000e+00,-4.106674663889295362e-01
1.742500321369185423e+00,1.628967995787046430e+00,-1.861048340131395695e-01,0.000000000000000000e+00,0.000000000000000000e+00,-4.106674663889295362e-01
2.040296666985929264e+00,1.672210667138828377e+00,1.177812069133681527e+00,0.000000000000000000e+00,0.000000000000000000e+00,-4.106674663889295362e-01
1.852973159259267977e+00,9.096982289690719314e-01,1.181038834250420999e+00,0.000000000000000000e+00,0.000000000000000000e+00,-4.106674663889295362e-01
8.732057821843098866e-01,1.770227388869534568e+00,3.253105087867300238e+00,0.000000000000000000e+00,0.000000000000000000e+00,-4.106674663889295362e-01
-2.445001474693323656e-02,-7.659552859124817425e-01,-5.009173133367047503e-01,0.000000000000000000e+00,0.000000000000000000e+00,-4.106674663889295362e-01
1.795912812842851980e-01,-5.245170375316986489e-01,-4.856143314657011545e-01,0.000000000000000000e+00,0.000000000000000000e+00,-4.106674663889295362e-01
1.254708646307039210e-01,-4.111251437648033580e-01,-4.739782257220367390e-01,0.000000000000000000e+00,0.000000000000000000e+00,-4.106674663889295362e-01
2.578174416537256874e+00,3.615248033212234535e+00,7.744221115857985893e+00,0.000000000000000000e+00,0.000000000000000000e+00,-4.106674663889295362e-01
1.780925656287474457e+00,1.628967995787046430e+00,-1.866458485237305620e-01,0.000000000000000000e+00,0.000000000000000000e+00,-4.106674663889295362e-01
1.192192120411435186e+00,-2.737095436913630775e-01,-2.159563201687101502e-02,0.000000000000000000e+00,0.000000000000000000e+00,-4.106674663889295362e-01
2.150932583671734677e-01,1.183573432314607016e-01,8.554241614398357119e-02,0.000000000000000000e+00,0.000000000000000000e+00,-4.106674663889295362e-01
8.274675733981707859e-01,5.200337126769030149e-01,-7.915709185028059203e-01,0.000000000000000000e+00,0.000000000000000000e+00,-4.106674663889295362e-01
2.588110216032952771e-01,-1.036990740462928828e+00,-7.945679671408421019e-01,0.000000000000000000e+00,0.000000000000000000e+00,-4.106674663889295362e-01
2.109477859683260181e+00,2.707151934824811867e+00,3.449261491850166728e+00,0.000000000000000000e+00,0.000000000000000000e+00,-4.106674663889295362e-01
2.275651843360453341e+00,-2.362325618531515570e-01,-5.652980400970386565e-01,0.000000000000000000e+00,0.000000000000000000e+00,-4.106674663889295362e-01
2.381164957027484454e-03,-1.016762779752817369e+00,-7.305586511357948787e-01,0.000000000000000000e+00,0.000000000000000000e+00,-4.106674663889295362e-01
1.718484487045254250e+00,2.682652705843053820e-01,1.431604615219292942e-01,0.000000000000000000e+00,0.000000000000000000e+00,-4.106674663889295362e-01
-5.795837264700193225e-01,-6.859563439116848071e-01,-4.348072723371603776e-01,0.000000000000000000e+00,0.000000000000000000e+00,-4.106674663889295362e-01
1.094072794623048406e+00,-5.663182865050878645e-01,-5.644478744375385215e-01,0.000000000000000000e+00,0.000000000000000000e+00,-4.106674663889295362e-01
1.761712988828330273e+00,2.682652705843053820e-01,1.427740225857929146e-01,0.000000000000000000e+00,0.000000000000000000e+00,-4.106674663889295362e-01
1.190136131918772211e+00,8.131229296167592491e-01,7.767838379360654522e-02,0.000000000000000000e+00,0.000000000000000000e+00,-4.106674663889295362e-01
